age_plot,age_group,broad_archetype_tuned,player_seasons,players,survived,exited,survival_rate,exit_rate,next_year_survival_rate,gap_return_rate,reduced_role_rate,avg_age,avg_pa,avg_xwoba,avg_ev_p90,avg_chase_rate,avg_whiff_rate,small_cell
22,22 and under,Complete,4,3,4,0,1,0,1,0,0,21,1051.25,0.3879129645634029,104.6075,0.2627546690591537,0.19279859672760788,TRUE
22,22 and under,Contact/discipline-based,46,41,38,8,0.8260869565217391,0.17391304347826086,0.782608695652174,0.043478260869565216,0.043478260869565216,21.695652173913043,718.0869565217391,0.29444811830151796,99.70934782608695,0.2832504820365845,0.1843970017479369,FALSE
22,22 and under,Low offensive profile,40,33,32,8,0.8,0.19999999999999996,0.75,0.05,0.025,21.625,592.225,0.2590823511157779,99.84775,0.3344139975558671,0.30524876070720997,FALSE
22,22 and under,Middle-profile,15,14,12,3,0.8,0.19999999999999996,0.6666666666666666,0.13333333333333333,0.06666666666666667,21.733333333333334,729.2666666666667,0.2929356857783311,101.2,0.25138339551067,0.2504518051886267,FALSE
22,22 and under,Power-based,53,44,40,13,0.7547169811320755,0.24528301886792447,0.6792452830188679,0.07547169811320754,0.05660377358490566,21.62264150943396,1171.9245283018868,0.33767792443212374,105.09622641509434,0.28822942290975856,0.2828305281623698,FALSE
23,23,Complete,9,9,8,1,0.8888888888888888,0.11111111111111116,0.8888888888888888,0,0,23,1850,0.3691903630395548,104.67777777777778,0.2579376724157512,0.17596552449183334,TRUE
23,23,Contact/discipline-based,62,62,50,12,0.8064516129032258,0.19354838709677424,0.7903225806451613,0.016129032258064516,0.03225806451612903,23,782.6612903225806,0.2806477103454581,99.58274193548387,0.2854892049012185,0.18795242727392178,FALSE
23,23,Low offensive profile,52,52,42,10,0.8076923076923077,0.1923076923076923,0.75,0.057692307692307696,0.11538461538461539,23,783.0576923076923,0.26884672873766513,100.66461538461539,0.33021194621149486,0.29627544099683745,FALSE
23,23,Middle-profile,23,23,17,6,0.7391304347826086,0.26086956521739135,0.7391304347826086,0,0.13043478260869565,23,883.9130434782609,0.2807284491332515,100.93086956521739,0.24547734892125067,0.25426449514005756,FALSE
23,23,Power-based,51,51,43,8,0.8431372549019608,0.1568627450980392,0.7843137254901961,0.058823529411764705,0,23,1273.3725490196077,0.33507256616659437,104.94823529411765,0.2875965087319668,0.2900796304277649,FALSE
24,24,Complete,14,14,13,1,0.9285714285714286,0.0714285714285714,0.8571428571428571,0.07142857142857142,0.07142857142857142,24,1748,0.36800874963656216,104.28,0.23215474227791805,0.1863319013470351,FALSE
24,24,Contact/discipline-based,86,86,72,14,0.8372093023255814,0.16279069767441856,0.7674418604651163,0.06976744186046512,0.06976744186046512,24,972.9069767441861,0.29493553465457006,99.78290697674419,0.2858664606266706,0.1850323789073186,FALSE
24,24,Low offensive profile,101,101,84,17,0.8316831683168316,0.16831683168316836,0.7326732673267327,0.09900990099009901,0.1188118811881188,24,659.9306930693069,0.26353694814833406,100.51881188118813,0.3286004755525793,0.30414347674928205,FALSE
24,24,Middle-profile,35,35,25,10,0.7142857142857143,0.2857142857142857,0.6857142857142857,0.02857142857142857,0.02857142857142857,24,955.5714285714286,0.2905181568546457,101.05457142857144,0.2522379085650295,0.25754302389481887,FALSE
24,24,Power-based,121,121,103,18,0.8512396694214877,0.14876033057851235,0.8264462809917356,0.024793388429752067,0.024793388429752067,24,1143.7520661157025,0.3329318519939317,104.37413223140496,0.28485714441754306,0.28559287194581423,FALSE
25,25,Complete,16,16,15,1,0.9375,0.0625,0.9375,0,0,25,1705.625,0.3604149678238648,104.46625,0.2574708267115138,0.1853009411406452,FALSE
25,25,Contact/discipline-based,145,145,114,31,0.7862068965517242,0.21379310344827585,0.7448275862068966,0.041379310344827586,0.05517241379310345,25,1030.7310344827586,0.2935497208313223,99.6411724137931,0.2813601623258082,0.18641164312460767,FALSE
25,25,Low offensive profile,117,117,82,35,0.7008547008547008,0.2991452991452992,0.6324786324786325,0.06837606837606838,0.1794871794871795,25,720.5042735042736,0.26420628642935917,100.84581196581196,0.3228996225505531,0.30972906789326266,FALSE
25,25,Middle-profile,55,55,47,8,0.8545454545454545,0.1454545454545455,0.8181818181818182,0.03636363636363636,0.05454545454545454,25,1088.8181818181818,0.28982333418078815,100.44618181818183,0.253902409114612,0.24269482075701987,FALSE
25,25,Power-based,135,135,117,18,0.8666666666666667,0.1333333333333333,0.837037037037037,0.02962962962962963,0.044444444444444446,25,1260.8666666666666,0.3275773348156685,104.25074074074074,0.2842136144971157,0.28831260810620796,FALSE
26,26,Complete,28,28,24,4,0.8571428571428571,0.1428571428571429,0.8214285714285714,0.03571428571428571,0,26,1997.9285714285713,0.36642540623431863,104.56,0.24482215922344658,0.1863279434016471,FALSE
26,26,Contact/discipline-based,169,169,131,38,0.7751479289940828,0.2248520710059172,0.7337278106508875,0.04142011834319527,0.07100591715976332,26,1028.9526627218936,0.29160869612423823,99.63094674556213,0.29039886961145356,0.18717673984885183,FALSE
26,26,Low offensive profile,139,139,96,43,0.6906474820143885,0.3093525179856115,0.6402877697841727,0.050359712230215826,0.14388489208633093,26,616.0791366906475,0.2607887524503424,100.04309352517986,0.32098375445773797,0.3069709175107402,FALSE
26,26,Middle-profile,69,69,53,16,0.7681159420289855,0.23188405797101452,0.7246376811594203,0.043478260869565216,0.043478260869565216,26,947.072463768116,0.28302195388462714,100.44057971014493,0.24762081644707348,0.2511791943903418,FALSE
26,26,Power-based,137,137,114,23,0.8321167883211679,0.16788321167883213,0.8102189781021898,0.021897810218978103,0.051094890510948905,26,1272.963503649635,0.33841491837711324,104.80277372262773,0.28832288527416966,0.29156969241917363,FALSE
27,27,Complete,19,19,19,0,1,0,1,0,0,27,1782.578947368421,0.3676891227359293,104.30421052631579,0.24619021195927673,0.18570286034943417,FALSE
27,27,Contact/discipline-based,162,162,128,34,0.7901234567901234,0.2098765432098766,0.7530864197530864,0.037037037037037035,0.05555555555555555,27,1177.5,0.29156747674191574,99.67234567901235,0.2893961413562926,0.18391766435755252,FALSE
27,27,Low offensive profile,143,143,90,53,0.6293706293706294,0.3706293706293706,0.5804195804195804,0.04895104895104895,0.16083916083916083,27,638.8811188811189,0.26001157811238595,100.60125874125875,0.31763037647969244,0.3121005532585859,FALSE
27,27,Middle-profile,60,60,40,20,0.6666666666666666,0.33333333333333337,0.6333333333333333,0.03333333333333333,0.11666666666666667,27,906.5,0.2844446516650098,100.58,0.2612010379389336,0.25411222518710797,FALSE
27,27,Power-based,156,156,127,29,0.8141025641025641,0.1858974358974359,0.782051282051282,0.03205128205128205,0.057692307692307696,27,1289.6089743589744,0.33473625531984513,104.47057692307692,0.2838085256726523,0.28198338076898916,FALSE
28,28,Complete,20,20,19,1,0.95,0.050000000000000044,0.95,0,0,28,1694.05,0.3607072858419088,104.719,0.24866450815218505,0.18452386676176358,FALSE
28,28,Contact/discipline-based,163,163,116,47,0.7116564417177914,0.2883435582822086,0.6625766871165644,0.049079754601226995,0.08588957055214724,28,1213.4723926380368,0.2972383002678311,100.0078527607362,0.28683716192216463,0.1821879399480704,FALSE
28,28,Low offensive profile,130,130,81,49,0.6230769230769231,0.3769230769230769,0.5692307692307692,0.05384615384615385,0.1,28,662.4846153846154,0.25901570806537866,100.60815384615385,0.32229780043227474,0.3057109177903132,FALSE
28,28,Middle-profile,61,61,38,23,0.6229508196721312,0.3770491803278688,0.5737704918032787,0.04918032786885246,0.14754098360655737,28,821.1967213114754,0.28406350271521974,100.0511475409836,0.256460928741856,0.254197127728955,FALSE
28,28,Power-based,147,147,120,27,0.8163265306122449,0.18367346938775508,0.7891156462585034,0.027210884353741496,0.047619047619047616,28,1309.4421768707482,0.33840057844266064,104.35455782312926,0.2709213371159087,0.27711230294592737,FALSE
29,29,Complete,22,22,18,4,0.8181818181818182,0.18181818181818177,0.8181818181818182,0,0.045454545454545456,29,1697.4545454545455,0.36822849122995005,104.135,0.2450983979139409,0.1923480411116386,FALSE
29,29,Contact/discipline-based,146,146,102,44,0.6986301369863014,0.3013698630136986,0.636986301369863,0.06164383561643835,0.1095890410958904,29,1078.541095890411,0.2940609306859322,99.82027397260273,0.28685676148801115,0.1817511073979013,FALSE
29,29,Low offensive profile,97,97,62,35,0.6391752577319587,0.3608247422680413,0.5876288659793815,0.05154639175257732,0.09278350515463918,29,720.9381443298969,0.26516256833159413,100.46546391752578,0.3201393226438929,0.2892634337298332,FALSE
29,29,Middle-profile,50,50,30,20,0.6,0.4,0.54,0.06,0.14,29,937.16,0.28723500035553945,100.3728,0.2557465087166308,0.2525122543323005,FALSE
29,29,Power-based,139,139,106,33,0.762589928057554,0.237410071942446,0.7410071942446043,0.02158273381294964,0.09352517985611511,29,1523.6618705035971,0.33632236787909986,104.35165467625899,0.27179155442200775,0.2832081791963794,FALSE
30,30,Complete,20,20,15,5,0.75,0.25,0.75,0,0,30,1848.95,0.351490846077396,104.0995,0.25239085845277887,0.18730237362636085,FALSE
30,30,Contact/discipline-based,115,115,91,24,0.7913043478260869,0.20869565217391306,0.782608695652174,0.008695652173913044,0.034782608695652174,30,1141.7478260869566,0.30097819512369817,100.13991304347826,0.2868918008243987,0.18864112869347444,FALSE
30,30,Low offensive profile,79,79,50,29,0.6329113924050633,0.36708860759493667,0.569620253164557,0.06329113924050633,0.16455696202531644,30,764.6455696202531,0.2680894423811301,100.0306329113924,0.3205176947615912,0.2959297534738848,FALSE
30,30,Middle-profile,40,40,29,11,0.725,0.275,0.675,0.05,0.125,30,1041.175,0.2964008606309468,100.36800000000001,0.2542222959795663,0.25010576439806165,FALSE
30,30,Power-based,115,115,97,18,0.8434782608695652,0.15652173913043477,0.8260869565217391,0.017391304347826087,0.043478260869565216,30,1547.0260869565218,0.34840285843261815,104.45,0.27317351101174603,0.27454197138043196,FALSE
31,31,Complete,19,19,16,3,0.8421052631578947,0.1578947368421053,0.7894736842105263,0.05263157894736842,0,31,1989.8947368421052,0.3671583978209632,103.91052631578947,0.24324207469539383,0.1852496704463487,FALSE
31,31,Contact/discipline-based,118,118,86,32,0.7288135593220338,0.27118644067796616,0.7203389830508474,0.00847457627118644,0.0423728813559322,31,1103.8813559322034,0.2902655309133175,99.61533898305085,0.27727556118316193,0.18008579060612587,FALSE
31,31,Low offensive profile,65,65,36,29,0.5538461538461539,0.4461538461538461,0.5384615384615384,0.015384615384615385,0.15384615384615385,31,821.7384615384616,0.2612252533690672,100.172,0.3189778686853586,0.30737192574012223,FALSE
31,31,Middle-profile,35,35,28,7,0.8,0.19999999999999996,0.8,0,0.05714285714285714,31,1055.5142857142857,0.29887087327269124,100.32771428571428,0.24695333872144853,0.24878299847811633,FALSE
31,31,Power-based,105,105,78,27,0.7428571428571429,0.2571428571428571,0.7428571428571429,0,0.08571428571428572,31,1495.5904761904762,0.3467088481824557,104.37009523809525,0.2812352639739729,0.27174111071844315,FALSE
32,32,Complete,16,16,14,2,0.875,0.125,0.875,0,0,32,1839.4375,0.3590108786044078,103.83437500000001,0.23489808428537995,0.19252869702549774,FALSE
32,32,Contact/discipline-based,123,123,88,35,0.7154471544715447,0.2845528455284553,0.6829268292682927,0.032520325203252036,0.0975609756097561,32,1198.4227642276423,0.29519875655349703,99.67414634146341,0.27850056082945057,0.1795134338697082,FALSE
32,32,Low offensive profile,61,61,34,27,0.5573770491803278,0.4426229508196722,0.5081967213114754,0.04918032786885246,0.19672131147540983,32,839.2786885245902,0.27007220567329787,100.59901639344262,0.3043331671679077,0.2986250059616666,FALSE
32,32,Middle-profile,34,34,22,12,0.6470588235294118,0.3529411764705882,0.6470588235294118,0,0.14705882352941177,32,1037,0.28332468801884136,100.61205882352941,0.2466216014806393,0.2426386324735481,FALSE
32,32,Power-based,78,78,59,19,0.7564102564102564,0.2435897435897436,0.7564102564102564,0,0.038461538461538464,32,1370.6410256410256,0.33558635573490436,104.44692307692307,0.274986445459186,0.27762523524518207,FALSE
33,33,Complete,7,7,7,0,1,0,1,0,0,33,2045.7142857142858,0.3668160710511339,103.63428571428572,0.2624676510891352,0.17761713733207302,TRUE
33,33,Contact/discipline-based,95,95,62,33,0.6526315789473685,0.34736842105263155,0.631578947368421,0.021052631578947368,0.09473684210526316,33,1178.1684210526316,0.29639283817323436,99.9162105263158,0.27969836328253195,0.18339024584573427,FALSE
33,33,Low offensive profile,49,49,28,21,0.5714285714285714,0.4285714285714286,0.5306122448979592,0.04081632653061224,0.08163265306122448,33,778.2857142857143,0.27040984900573717,100.91448979591837,0.3004694822549709,0.3096983296296973,FALSE
33,33,Middle-profile,28,28,21,7,0.75,0.25,0.75,0,0.10714285714285714,33,1336.3214285714287,0.29435329445049485,100.76892857142857,0.24535164517473707,0.24432144668811262,FALSE
33,33,Power-based,63,63,53,10,0.8412698412698413,0.15873015873015872,0.7936507936507936,0.047619047619047616,0.047619047619047616,33,1424.2857142857142,0.3486296696087863,103.99777777777778,0.26296442632694145,0.25736883339280997,FALSE
34,34,Complete,10,10,7,3,0.7,0.30000000000000004,0.7,0,0,34,1543.4,0.3600776228422541,103.857,0.28656260346418877,0.18230411991917025,FALSE
34,34,Contact/discipline-based,74,74,44,30,0.5945945945945946,0.4054054054054054,0.581081081081081,0.013513513513513514,0.05405405405405406,34,1293.7297297297298,0.3027552870452868,99.8672972972973,0.2568994583488727,0.1718180992401911,FALSE
34,34,Low offensive profile,37,37,11,26,0.2972972972972973,0.7027027027027026,0.2972972972972973,0,0.08108108108108109,34,599.7297297297297,0.24635166293827462,99.4054054054054,0.3077987072310855,0.29830885550402275,FALSE
34,34,Middle-profile,18,18,10,8,0.5555555555555556,0.4444444444444444,0.5555555555555556,0,0.1111111111111111,34,1020.4444444444445,0.29519724431919425,99.65722222222223,0.24952522589838583,0.2564526334636239,FALSE
34,34,Power-based,55,55,37,18,0.6727272727272727,0.32727272727272727,0.6727272727272727,0,0.03636363636363636,34,1317.0545454545454,0.33771612919553656,103.56,0.2670050503509283,0.27257808696156294,FALSE
35,35,Complete,7,7,6,1,0.8571428571428571,0.1428571428571429,0.8571428571428571,0,0,35,1722,0.3529187524266726,104.99857142857144,0.2738125981281457,0.18927863576763818,TRUE
35,35,Contact/discipline-based,52,52,27,25,0.5192307692307693,0.4807692307692307,0.5192307692307693,0,0.019230769230769232,35,1244.2692307692307,0.2992834383338876,99.41596153846154,0.2605868765253139,0.17474649191054764,FALSE
35,35,Low offensive profile,23,23,13,10,0.5652173913043478,0.4347826086956522,0.5217391304347826,0.043478260869565216,0.13043478260869565,35,776.0869565217391,0.27625620817346347,100.91391304347826,0.3066056289451189,0.2983835356230535,FALSE
35,35,Middle-profile,13,13,3,10,0.23076923076923078,0.7692307692307692,0.23076923076923078,0,0.07692307692307693,35,664.6153846153846,0.2648548485528226,99.77923076923076,0.2572173993863108,0.25102318704090043,FALSE
35,35,Power-based,34,34,26,8,0.7647058823529411,0.23529411764705888,0.7352941176470589,0.029411764705882353,0,35,1398.8235294117646,0.34369540331525994,103.91735294117647,0.24702524629597933,0.25735145688263134,FALSE
36,36,Complete,8,8,7,1,0.875,0.125,0.875,0,0,36,1557.875,0.3705668703195014,104.35625,0.25531981350032684,0.17741506686435235,TRUE
36,36,Contact/discipline-based,34,34,16,18,0.47058823529411764,0.5294117647058824,0.47058823529411764,0,0,36,1083.8235294117646,0.2822729658982706,98.95117647058824,0.2948962957011128,0.18280380321717213,FALSE
36,36,Low offensive profile,15,15,6,9,0.4,0.6,0.3333333333333333,0.06666666666666667,0.2,36,902.6666666666666,0.2765138994191885,100.42066666666668,0.31250051386191924,0.28969547419843067,FALSE
36,36,Middle-profile,6,6,3,3,0.5,0.5,0.5,0,0,36,699.5,0.2681901507426941,100.24666666666667,0.2509748289582761,0.23639938568645263,TRUE
36,36,Power-based,23,23,14,9,0.6086956521739131,0.3913043478260869,0.6086956521739131,0,0.08695652173913043,36,1561.3478260869565,0.33762951763771265,104.46391304347826,0.25841203386614225,0.269238944797509,FALSE
37,37,Complete,3,3,3,0,1,0,1,0,0,37,1880,0.34441689459560226,103.39333333333333,0.3027634346818045,0.18793954669489812,TRUE
37,37,Contact/discipline-based,21,21,11,10,0.5238095238095238,0.47619047619047616,0.5238095238095238,0,0,37,1313.5238095238096,0.3101800965911965,100.52714285714286,0.25364306791229607,0.1768275550837336,FALSE
37,37,Low offensive profile,7,7,3,4,0.42857142857142855,0.5714285714285714,0.42857142857142855,0,0,37,440.2857142857143,0.2505925795935384,98.68857142857142,0.2918251827042484,0.308717536340165,TRUE
37,37,Middle-profile,4,4,3,1,0.75,0.25,0.75,0,0,37,1485.5,0.29398878339766804,99.71000000000001,0.23896838509045387,0.2526253995504644,TRUE
37,37,Power-based,16,16,10,6,0.625,0.375,0.625,0,0,37,1439.375,0.3347319476234115,103.8825,0.27392993386051495,0.2690580388117645,FALSE
38,38,Complete,4,4,4,0,1,0,0.75,0.25,0,38,1563.5,0.3507416588306161,103.86749999999999,0.33113703434408903,0.17548112754575257,TRUE
38,38,Contact/discipline-based,9,9,5,4,0.5555555555555556,0.4444444444444444,0.5555555555555556,0,0,38,1470.4444444444443,0.3056344998805316,100.46777777777777,0.24437091660124674,0.17814061629027478,TRUE
38,38,Low offensive profile,10,10,4,6,0.4,0.6,0.4,0,0,38,582.9,0.24493553610397642,98.909,0.3364712501010363,0.3065807515042226,FALSE
38,38,Middle-profile,4,4,0,4,0,1,0,0,0.25,38,730.25,0.27734562355269676,98.6875,0.25459227054013656,0.2321150787906362,TRUE
38,38,Power-based,9,9,4,5,0.4444444444444444,0.5555555555555556,0.4444444444444444,0,0,38,1293,0.33614497355798933,104.25111111111111,0.2514994897097447,0.267269882924039,TRUE
39,39,Contact/discipline-based,9,9,5,4,0.5555555555555556,0.4444444444444444,0.5555555555555556,0,0,39,1475.5555555555557,0.309059517119547,100.47444444444444,0.29491746001056285,0.17053411243857708,TRUE
39,39,Low offensive profile,3,3,1,2,0.3333333333333333,0.6666666666666667,0.3333333333333333,0,0,39,286,0.27471943845456626,100.21333333333332,0.41095061313016684,0.33959523442866185,TRUE
39,39,Middle-profile,1,1,1,0,1,0,1,0,0,39,1529,0.27129524960429335,101.18,0.30423940149625933,0.2559055118110236,TRUE
39,39,Power-based,4,4,3,1,0.75,0.25,0.75,0,0,39,1565.25,0.34554850487709937,104.085,0.25351896662768997,0.25993405983103923,TRUE
40,40+,Complete,3,2,1,2,0.3333333333333333,0.6666666666666667,0.3333333333333333,0,0,41.333333333333336,1563,0.37988307299610313,105.38,0.3084584354923455,0.1957783027353396,TRUE
40,40+,Contact/discipline-based,11,8,4,7,0.36363636363636365,0.6363636363636364,0.36363636363636365,0,0.09090909090909091,41.27272727272727,976.1818181818181,0.26949575200998394,98.17,0.31322770854037696,0.17050068515152966,FALSE
40,40+,Low offensive profile,4,4,0,4,0,1,0,0,0,41,831,0.2877387681515958,103.5725,0.3660174396984004,0.3003933479310283,TRUE
40,40+,Middle-profile,2,2,0,2,0,1,0,0,0,40,1014.5,0.29117644075620647,101.06,0.2572861719828654,0.2567901068680408,TRUE
40,40+,Power-based,5,3,5,0,1,0,1,0,0,40.6,1853.4,0.37367388409111923,106.038,0.28917722740013313,0.2872945551224516,TRUE
