age_plot,age_group,current_archetype,next_state,n,transition_prob,small_cell
22,22 and under,Complete,Complete,2,0.5,TRUE
22,22 and under,Complete,Power-based,1,0.25,TRUE
22,22 and under,Complete,Contact/discipline-based,1,0.25,TRUE
22,22 and under,Power-based,Complete,5,0.09433962264150944,FALSE
22,22 and under,Power-based,Power-based,26,0.49056603773584906,FALSE
22,22 and under,Power-based,Contact/discipline-based,3,0.05660377358490566,FALSE
22,22 and under,Power-based,Middle-profile,2,0.03773584905660377,FALSE
22,22 and under,Power-based,Low offensive profile,3,0.05660377358490566,FALSE
22,22 and under,Power-based,Reduced/limited role,3,0.05660377358490566,FALSE
22,22 and under,Power-based,Exited MLB,11,0.20754716981132076,FALSE
22,22 and under,Contact/discipline-based,Complete,1,0.021739130434782608,FALSE
22,22 and under,Contact/discipline-based,Power-based,6,0.13043478260869565,FALSE
22,22 and under,Contact/discipline-based,Contact/discipline-based,20,0.43478260869565216,FALSE
22,22 and under,Contact/discipline-based,Middle-profile,2,0.043478260869565216,FALSE
22,22 and under,Contact/discipline-based,Low offensive profile,8,0.17391304347826086,FALSE
22,22 and under,Contact/discipline-based,Reduced/limited role,2,0.043478260869565216,FALSE
22,22 and under,Contact/discipline-based,Exited MLB,7,0.15217391304347827,FALSE
22,22 and under,Middle-profile,Complete,1,0.06666666666666667,FALSE
22,22 and under,Middle-profile,Power-based,3,0.2,FALSE
22,22 and under,Middle-profile,Contact/discipline-based,3,0.2,FALSE
22,22 and under,Middle-profile,Middle-profile,4,0.26666666666666666,FALSE
22,22 and under,Middle-profile,Reduced/limited role,1,0.06666666666666667,FALSE
22,22 and under,Middle-profile,Exited MLB,3,0.2,FALSE
22,22 and under,Low offensive profile,Power-based,6,0.15,FALSE
22,22 and under,Low offensive profile,Contact/discipline-based,7,0.175,FALSE
22,22 and under,Low offensive profile,Middle-profile,2,0.05,FALSE
22,22 and under,Low offensive profile,Low offensive profile,16,0.4,FALSE
22,22 and under,Low offensive profile,Reduced/limited role,1,0.025,FALSE
22,22 and under,Low offensive profile,Exited MLB,8,0.2,FALSE
23,23,Complete,Complete,3,0.3333333333333333,TRUE
23,23,Complete,Power-based,3,0.3333333333333333,TRUE
23,23,Complete,Contact/discipline-based,1,0.1111111111111111,TRUE
23,23,Complete,Middle-profile,1,0.1111111111111111,TRUE
23,23,Complete,Exited MLB,1,0.1111111111111111,TRUE
23,23,Power-based,Complete,1,0.0196078431372549,FALSE
23,23,Power-based,Power-based,31,0.6078431372549019,FALSE
23,23,Power-based,Contact/discipline-based,3,0.058823529411764705,FALSE
23,23,Power-based,Middle-profile,3,0.058823529411764705,FALSE
23,23,Power-based,Low offensive profile,5,0.09803921568627451,FALSE
23,23,Power-based,Exited MLB,8,0.1568627450980392,FALSE
23,23,Contact/discipline-based,Complete,3,0.04838709677419355,FALSE
23,23,Contact/discipline-based,Power-based,5,0.08064516129032258,FALSE
23,23,Contact/discipline-based,Contact/discipline-based,28,0.45161290322580644,FALSE
23,23,Contact/discipline-based,Middle-profile,2,0.03225806451612903,FALSE
23,23,Contact/discipline-based,Low offensive profile,11,0.1774193548387097,FALSE
23,23,Contact/discipline-based,Reduced/limited role,2,0.03225806451612903,FALSE
23,23,Contact/discipline-based,Exited MLB,11,0.1774193548387097,FALSE
23,23,Middle-profile,Complete,1,0.043478260869565216,FALSE
23,23,Middle-profile,Power-based,4,0.17391304347826086,FALSE
23,23,Middle-profile,Contact/discipline-based,3,0.13043478260869565,FALSE
23,23,Middle-profile,Middle-profile,3,0.13043478260869565,FALSE
23,23,Middle-profile,Low offensive profile,6,0.2608695652173913,FALSE
23,23,Middle-profile,Reduced/limited role,3,0.13043478260869565,FALSE
23,23,Middle-profile,Exited MLB,3,0.13043478260869565,FALSE
23,23,Low offensive profile,Power-based,9,0.17307692307692307,FALSE
23,23,Low offensive profile,Contact/discipline-based,8,0.15384615384615385,FALSE
23,23,Low offensive profile,Middle-profile,5,0.09615384615384616,FALSE
23,23,Low offensive profile,Low offensive profile,17,0.3269230769230769,FALSE
23,23,Low offensive profile,Reduced/limited role,6,0.11538461538461539,FALSE
23,23,Low offensive profile,Exited MLB,7,0.1346153846153846,FALSE
24,24,Complete,Complete,5,0.35714285714285715,FALSE
24,24,Complete,Power-based,3,0.21428571428571427,FALSE
24,24,Complete,Contact/discipline-based,3,0.21428571428571427,FALSE
24,24,Complete,Middle-profile,1,0.07142857142857142,FALSE
24,24,Complete,Reduced/limited role,1,0.07142857142857142,FALSE
24,24,Complete,Exited MLB,1,0.07142857142857142,FALSE
24,24,Power-based,Complete,5,0.04132231404958678,FALSE
24,24,Power-based,Power-based,57,0.47107438016528924,FALSE
24,24,Power-based,Contact/discipline-based,13,0.10743801652892562,FALSE
24,24,Power-based,Middle-profile,9,0.0743801652892562,FALSE
24,24,Power-based,Low offensive profile,17,0.14049586776859505,FALSE
24,24,Power-based,Reduced/limited role,3,0.024793388429752067,FALSE
24,24,Power-based,Exited MLB,17,0.14049586776859505,FALSE
24,24,Contact/discipline-based,Complete,1,0.011627906976744186,FALSE
24,24,Contact/discipline-based,Power-based,7,0.08139534883720931,FALSE
24,24,Contact/discipline-based,Contact/discipline-based,51,0.5930232558139535,FALSE
24,24,Contact/discipline-based,Middle-profile,6,0.06976744186046512,FALSE
24,24,Contact/discipline-based,Low offensive profile,3,0.03488372093023256,FALSE
24,24,Contact/discipline-based,Reduced/limited role,6,0.06976744186046512,FALSE
24,24,Contact/discipline-based,Exited MLB,12,0.13953488372093023,FALSE
24,24,Middle-profile,Power-based,5,0.14285714285714285,FALSE
24,24,Middle-profile,Contact/discipline-based,8,0.22857142857142856,FALSE
24,24,Middle-profile,Middle-profile,6,0.17142857142857143,FALSE
24,24,Middle-profile,Low offensive profile,5,0.14285714285714285,FALSE
24,24,Middle-profile,Reduced/limited role,1,0.02857142857142857,FALSE
24,24,Middle-profile,Exited MLB,10,0.2857142857142857,FALSE
24,24,Low offensive profile,Power-based,20,0.19801980198019803,FALSE
24,24,Low offensive profile,Contact/discipline-based,15,0.1485148514851485,FALSE
24,24,Low offensive profile,Middle-profile,8,0.07920792079207921,FALSE
24,24,Low offensive profile,Low offensive profile,36,0.3564356435643564,FALSE
24,24,Low offensive profile,Reduced/limited role,12,0.1188118811881188,FALSE
24,24,Low offensive profile,Exited MLB,10,0.09900990099009901,FALSE
25,25,Complete,Complete,8,0.5,FALSE
25,25,Complete,Power-based,3,0.1875,FALSE
25,25,Complete,Contact/discipline-based,4,0.25,FALSE
25,25,Complete,Exited MLB,1,0.0625,FALSE
25,25,Power-based,Complete,8,0.05925925925925926,FALSE
25,25,Power-based,Power-based,67,0.4962962962962963,FALSE
25,25,Power-based,Contact/discipline-based,15,0.1111111111111111,FALSE
25,25,Power-based,Middle-profile,8,0.05925925925925926,FALSE
25,25,Power-based,Low offensive profile,16,0.11851851851851852,FALSE
25,25,Power-based,Reduced/limited role,6,0.044444444444444446,FALSE
25,25,Power-based,Exited MLB,15,0.1111111111111111,FALSE
25,25,Contact/discipline-based,Complete,7,0.04827586206896552,FALSE
25,25,Contact/discipline-based,Power-based,8,0.05517241379310345,FALSE
25,25,Contact/discipline-based,Contact/discipline-based,74,0.5103448275862069,FALSE
25,25,Contact/discipline-based,Middle-profile,8,0.05517241379310345,FALSE
25,25,Contact/discipline-based,Low offensive profile,14,0.09655172413793103,FALSE
25,25,Contact/discipline-based,Reduced/limited role,8,0.05517241379310345,FALSE
25,25,Contact/discipline-based,Exited MLB,26,0.1793103448275862,FALSE
25,25,Middle-profile,Power-based,12,0.21818181818181817,FALSE
25,25,Middle-profile,Contact/discipline-based,14,0.2545454545454545,FALSE
25,25,Middle-profile,Middle-profile,15,0.2727272727272727,FALSE
25,25,Middle-profile,Low offensive profile,4,0.07272727272727272,FALSE
25,25,Middle-profile,Reduced/limited role,3,0.05454545454545454,FALSE
25,25,Middle-profile,Exited MLB,7,0.12727272727272726,FALSE
25,25,Low offensive profile,Complete,1,0.008547008547008548,FALSE
25,25,Low offensive profile,Power-based,15,0.1282051282051282,FALSE
25,25,Low offensive profile,Contact/discipline-based,14,0.11965811965811966,FALSE
25,25,Low offensive profile,Middle-profile,10,0.08547008547008547,FALSE
25,25,Low offensive profile,Low offensive profile,37,0.3162393162393162,FALSE
25,25,Low offensive profile,Reduced/limited role,21,0.1794871794871795,FALSE
25,25,Low offensive profile,Exited MLB,19,0.1623931623931624,FALSE
26,26,Complete,Complete,8,0.2857142857142857,FALSE
26,26,Complete,Power-based,7,0.25,FALSE
26,26,Complete,Contact/discipline-based,4,0.14285714285714285,FALSE
26,26,Complete,Middle-profile,3,0.10714285714285714,FALSE
26,26,Complete,Low offensive profile,2,0.07142857142857142,FALSE
26,26,Complete,Exited MLB,4,0.14285714285714285,FALSE
26,26,Power-based,Complete,7,0.051094890510948905,FALSE
26,26,Power-based,Power-based,73,0.5328467153284672,FALSE
26,26,Power-based,Contact/discipline-based,8,0.058394160583941604,FALSE
26,26,Power-based,Middle-profile,5,0.0364963503649635,FALSE
26,26,Power-based,Low offensive profile,20,0.145985401459854,FALSE
26,26,Power-based,Reduced/limited role,7,0.051094890510948905,FALSE
26,26,Power-based,Exited MLB,17,0.12408759124087591,FALSE
26,26,Contact/discipline-based,Complete,2,0.011834319526627219,FALSE
26,26,Contact/discipline-based,Power-based,9,0.05325443786982249,FALSE
26,26,Contact/discipline-based,Contact/discipline-based,91,0.5384615384615384,FALSE
26,26,Contact/discipline-based,Middle-profile,13,0.07692307692307693,FALSE
26,26,Contact/discipline-based,Low offensive profile,11,0.0650887573964497,FALSE
26,26,Contact/discipline-based,Reduced/limited role,12,0.07100591715976332,FALSE
26,26,Contact/discipline-based,Exited MLB,31,0.1834319526627219,FALSE
26,26,Middle-profile,Complete,1,0.014492753623188406,FALSE
26,26,Middle-profile,Power-based,11,0.15942028985507245,FALSE
26,26,Middle-profile,Contact/discipline-based,10,0.14492753623188406,FALSE
26,26,Middle-profile,Middle-profile,11,0.15942028985507245,FALSE
26,26,Middle-profile,Low offensive profile,18,0.2608695652173913,FALSE
26,26,Middle-profile,Reduced/limited role,3,0.043478260869565216,FALSE
26,26,Middle-profile,Exited MLB,15,0.21739130434782608,FALSE
26,26,Low offensive profile,Power-based,25,0.17985611510791366,FALSE
26,26,Low offensive profile,Contact/discipline-based,14,0.10071942446043165,FALSE
26,26,Low offensive profile,Middle-profile,5,0.03597122302158273,FALSE
26,26,Low offensive profile,Low offensive profile,48,0.34532374100719426,FALSE
26,26,Low offensive profile,Reduced/limited role,20,0.14388489208633093,FALSE
26,26,Low offensive profile,Exited MLB,27,0.19424460431654678,FALSE
27,27,Complete,Complete,6,0.3157894736842105,FALSE
27,27,Complete,Power-based,6,0.3157894736842105,FALSE
27,27,Complete,Contact/discipline-based,7,0.3684210526315789,FALSE
27,27,Power-based,Complete,8,0.05128205128205128,FALSE
27,27,Power-based,Power-based,69,0.4423076923076923,FALSE
27,27,Power-based,Contact/discipline-based,10,0.0641025641025641,FALSE
27,27,Power-based,Middle-profile,10,0.0641025641025641,FALSE
27,27,Power-based,Low offensive profile,28,0.1794871794871795,FALSE
27,27,Power-based,Reduced/limited role,9,0.057692307692307696,FALSE
27,27,Power-based,Exited MLB,22,0.14102564102564102,FALSE
27,27,Contact/discipline-based,Complete,3,0.018518518518518517,FALSE
27,27,Contact/discipline-based,Power-based,13,0.08024691358024691,FALSE
27,27,Contact/discipline-based,Contact/discipline-based,85,0.5246913580246914,FALSE
27,27,Contact/discipline-based,Middle-profile,9,0.05555555555555555,FALSE
27,27,Contact/discipline-based,Low offensive profile,14,0.08641975308641975,FALSE
27,27,Contact/discipline-based,Reduced/limited role,9,0.05555555555555555,FALSE
27,27,Contact/discipline-based,Exited MLB,29,0.17901234567901234,FALSE
27,27,Middle-profile,Power-based,6,0.1,FALSE
27,27,Middle-profile,Contact/discipline-based,13,0.21666666666666667,FALSE
27,27,Middle-profile,Middle-profile,7,0.11666666666666667,FALSE
27,27,Middle-profile,Low offensive profile,12,0.2,FALSE
27,27,Middle-profile,Reduced/limited role,7,0.11666666666666667,FALSE
27,27,Middle-profile,Exited MLB,15,0.25,FALSE
27,27,Low offensive profile,Power-based,21,0.14685314685314685,FALSE
27,27,Low offensive profile,Contact/discipline-based,12,0.08391608391608392,FALSE
27,27,Low offensive profile,Middle-profile,15,0.1048951048951049,FALSE
27,27,Low offensive profile,Low offensive profile,38,0.26573426573426573,FALSE
27,27,Low offensive profile,Reduced/limited role,23,0.16083916083916083,FALSE
27,27,Low offensive profile,Exited MLB,34,0.23776223776223776,FALSE
28,28,Complete,Complete,6,0.3,FALSE
28,28,Complete,Power-based,7,0.35,FALSE
28,28,Complete,Contact/discipline-based,6,0.3,FALSE
28,28,Complete,Exited MLB,1,0.05,FALSE
28,28,Power-based,Complete,6,0.04081632653061224,FALSE
28,28,Power-based,Power-based,75,0.5102040816326531,FALSE
28,28,Power-based,Contact/discipline-based,9,0.061224489795918366,FALSE
28,28,Power-based,Middle-profile,10,0.06802721088435375,FALSE
28,28,Power-based,Low offensive profile,18,0.12244897959183673,FALSE
28,28,Power-based,Reduced/limited role,7,0.047619047619047616,FALSE
28,28,Power-based,Exited MLB,22,0.14965986394557823,FALSE
28,28,Contact/discipline-based,Complete,4,0.024539877300613498,FALSE
28,28,Contact/discipline-based,Power-based,11,0.06748466257668712,FALSE
28,28,Contact/discipline-based,Contact/discipline-based,77,0.4723926380368098,FALSE
28,28,Contact/discipline-based,Middle-profile,9,0.05521472392638037,FALSE
28,28,Contact/discipline-based,Low offensive profile,8,0.049079754601226995,FALSE
28,28,Contact/discipline-based,Reduced/limited role,14,0.08588957055214724,FALSE
28,28,Contact/discipline-based,Exited MLB,40,0.24539877300613497,FALSE
28,28,Middle-profile,Power-based,7,0.11475409836065574,FALSE
28,28,Middle-profile,Contact/discipline-based,11,0.18032786885245902,FALSE
28,28,Middle-profile,Middle-profile,10,0.16393442622950818,FALSE
28,28,Middle-profile,Low offensive profile,9,0.14754098360655737,FALSE
28,28,Middle-profile,Reduced/limited role,9,0.14754098360655737,FALSE
28,28,Middle-profile,Exited MLB,15,0.2459016393442623,FALSE
28,28,Low offensive profile,Complete,1,0.007692307692307693,FALSE
28,28,Low offensive profile,Power-based,17,0.13076923076923078,FALSE
28,28,Low offensive profile,Contact/discipline-based,17,0.13076923076923078,FALSE
28,28,Low offensive profile,Middle-profile,9,0.06923076923076923,FALSE
28,28,Low offensive profile,Low offensive profile,35,0.2692307692307692,FALSE
28,28,Low offensive profile,Reduced/limited role,13,0.1,FALSE
28,28,Low offensive profile,Exited MLB,38,0.2923076923076923,FALSE
29,29,Complete,Complete,9,0.4090909090909091,FALSE
29,29,Complete,Power-based,6,0.2727272727272727,FALSE
29,29,Complete,Contact/discipline-based,3,0.13636363636363635,FALSE
29,29,Complete,Reduced/limited role,1,0.045454545454545456,FALSE
29,29,Complete,Exited MLB,3,0.13636363636363635,FALSE
29,29,Power-based,Complete,3,0.02158273381294964,FALSE
29,29,Power-based,Power-based,76,0.5467625899280576,FALSE
29,29,Power-based,Contact/discipline-based,9,0.06474820143884892,FALSE
29,29,Power-based,Middle-profile,6,0.04316546762589928,FALSE
29,29,Power-based,Low offensive profile,11,0.07913669064748201,FALSE
29,29,Power-based,Reduced/limited role,13,0.09352517985611511,FALSE
29,29,Power-based,Exited MLB,21,0.1510791366906475,FALSE
29,29,Contact/discipline-based,Complete,5,0.03424657534246575,FALSE
29,29,Contact/discipline-based,Power-based,5,0.03424657534246575,FALSE
29,29,Contact/discipline-based,Contact/discipline-based,64,0.4383561643835616,FALSE
29,29,Contact/discipline-based,Middle-profile,10,0.0684931506849315,FALSE
29,29,Contact/discipline-based,Low offensive profile,13,0.08904109589041095,FALSE
29,29,Contact/discipline-based,Reduced/limited role,16,0.1095890410958904,FALSE
29,29,Contact/discipline-based,Exited MLB,33,0.22602739726027396,FALSE
29,29,Middle-profile,Power-based,3,0.06,FALSE
29,29,Middle-profile,Contact/discipline-based,7,0.14,FALSE
29,29,Middle-profile,Middle-profile,9,0.18,FALSE
29,29,Middle-profile,Low offensive profile,10,0.2,FALSE
29,29,Middle-profile,Reduced/limited role,7,0.14,FALSE
29,29,Middle-profile,Exited MLB,14,0.28,FALSE
29,29,Low offensive profile,Power-based,11,0.1134020618556701,FALSE
29,29,Low offensive profile,Contact/discipline-based,13,0.13402061855670103,FALSE
29,29,Low offensive profile,Middle-profile,9,0.09278350515463918,FALSE
29,29,Low offensive profile,Low offensive profile,26,0.26804123711340205,FALSE
29,29,Low offensive profile,Reduced/limited role,9,0.09278350515463918,FALSE
29,29,Low offensive profile,Exited MLB,29,0.29896907216494845,FALSE
30,30,Complete,Complete,5,0.25,FALSE
30,30,Complete,Power-based,6,0.3,FALSE
30,30,Complete,Contact/discipline-based,3,0.15,FALSE
30,30,Complete,Middle-profile,1,0.05,FALSE
30,30,Complete,Exited MLB,5,0.25,FALSE
30,30,Power-based,Complete,7,0.06086956521739131,FALSE
30,30,Power-based,Power-based,65,0.5652173913043478,FALSE
30,30,Power-based,Contact/discipline-based,8,0.06956521739130435,FALSE
30,30,Power-based,Middle-profile,5,0.043478260869565216,FALSE
30,30,Power-based,Low offensive profile,11,0.09565217391304348,FALSE
30,30,Power-based,Reduced/limited role,5,0.043478260869565216,FALSE
30,30,Power-based,Exited MLB,14,0.12173913043478261,FALSE
30,30,Contact/discipline-based,Complete,4,0.034782608695652174,FALSE
30,30,Contact/discipline-based,Power-based,8,0.06956521739130435,FALSE
30,30,Contact/discipline-based,Contact/discipline-based,59,0.5130434782608696,FALSE
30,30,Contact/discipline-based,Middle-profile,6,0.05217391304347826,FALSE
30,30,Contact/discipline-based,Low offensive profile,13,0.11304347826086956,FALSE
30,30,Contact/discipline-based,Reduced/limited role,4,0.034782608695652174,FALSE
30,30,Contact/discipline-based,Exited MLB,21,0.1826086956521739,FALSE
30,30,Middle-profile,Complete,1,0.025,FALSE
30,30,Middle-profile,Power-based,6,0.15,FALSE
30,30,Middle-profile,Contact/discipline-based,6,0.15,FALSE
30,30,Middle-profile,Middle-profile,6,0.15,FALSE
30,30,Middle-profile,Low offensive profile,8,0.2,FALSE
30,30,Middle-profile,Reduced/limited role,5,0.125,FALSE
30,30,Middle-profile,Exited MLB,8,0.2,FALSE
30,30,Low offensive profile,Complete,1,0.012658227848101266,FALSE
30,30,Low offensive profile,Power-based,10,0.12658227848101267,FALSE
30,30,Low offensive profile,Contact/discipline-based,12,0.1518987341772152,FALSE
30,30,Low offensive profile,Middle-profile,8,0.10126582278481013,FALSE
30,30,Low offensive profile,Low offensive profile,17,0.21518987341772153,FALSE
30,30,Low offensive profile,Reduced/limited role,13,0.16455696202531644,FALSE
30,30,Low offensive profile,Exited MLB,18,0.22784810126582278,FALSE
31,31,Complete,Complete,6,0.3157894736842105,FALSE
31,31,Complete,Power-based,3,0.15789473684210525,FALSE
31,31,Complete,Contact/discipline-based,6,0.3157894736842105,FALSE
31,31,Complete,Low offensive profile,1,0.05263157894736842,FALSE
31,31,Complete,Exited MLB,3,0.15789473684210525,FALSE
31,31,Power-based,Complete,6,0.05714285714285714,FALSE
31,31,Power-based,Power-based,38,0.3619047619047619,FALSE
31,31,Power-based,Contact/discipline-based,7,0.06666666666666667,FALSE
31,31,Power-based,Middle-profile,7,0.06666666666666667,FALSE
31,31,Power-based,Low offensive profile,20,0.19047619047619047,FALSE
31,31,Power-based,Reduced/limited role,9,0.08571428571428572,FALSE
31,31,Power-based,Exited MLB,18,0.17142857142857143,FALSE
31,31,Contact/discipline-based,Complete,2,0.01694915254237288,FALSE
31,31,Contact/discipline-based,Power-based,5,0.0423728813559322,FALSE
31,31,Contact/discipline-based,Contact/discipline-based,67,0.5677966101694916,FALSE
31,31,Contact/discipline-based,Middle-profile,8,0.06779661016949153,FALSE
31,31,Contact/discipline-based,Low offensive profile,4,0.03389830508474576,FALSE
31,31,Contact/discipline-based,Reduced/limited role,5,0.0423728813559322,FALSE
31,31,Contact/discipline-based,Exited MLB,27,0.2288135593220339,FALSE
31,31,Middle-profile,Complete,1,0.02857142857142857,FALSE
31,31,Middle-profile,Power-based,7,0.2,FALSE
31,31,Middle-profile,Contact/discipline-based,10,0.2857142857142857,FALSE
31,31,Middle-profile,Middle-profile,5,0.14285714285714285,FALSE
31,31,Middle-profile,Low offensive profile,5,0.14285714285714285,FALSE
31,31,Middle-profile,Reduced/limited role,2,0.05714285714285714,FALSE
31,31,Middle-profile,Exited MLB,5,0.14285714285714285,FALSE
31,31,Low offensive profile,Power-based,4,0.06153846153846154,FALSE
31,31,Low offensive profile,Contact/discipline-based,7,0.1076923076923077,FALSE
31,31,Low offensive profile,Middle-profile,5,0.07692307692307693,FALSE
31,31,Low offensive profile,Low offensive profile,20,0.3076923076923077,FALSE
31,31,Low offensive profile,Reduced/limited role,10,0.15384615384615385,FALSE
31,31,Low offensive profile,Exited MLB,19,0.2923076923076923,FALSE
32,32,Complete,Complete,3,0.1875,FALSE
32,32,Complete,Power-based,6,0.375,FALSE
32,32,Complete,Contact/discipline-based,3,0.1875,FALSE
32,32,Complete,Low offensive profile,2,0.125,FALSE
32,32,Complete,Exited MLB,2,0.125,FALSE
32,32,Power-based,Complete,1,0.01282051282051282,FALSE
32,32,Power-based,Power-based,35,0.44871794871794873,FALSE
32,32,Power-based,Contact/discipline-based,7,0.08974358974358974,FALSE
32,32,Power-based,Middle-profile,6,0.07692307692307693,FALSE
32,32,Power-based,Low offensive profile,10,0.1282051282051282,FALSE
32,32,Power-based,Reduced/limited role,3,0.038461538461538464,FALSE
32,32,Power-based,Exited MLB,16,0.20512820512820512,FALSE
32,32,Contact/discipline-based,Complete,2,0.016260162601626018,FALSE
32,32,Contact/discipline-based,Power-based,6,0.04878048780487805,FALSE
32,32,Contact/discipline-based,Contact/discipline-based,64,0.5203252032520326,FALSE
32,32,Contact/discipline-based,Middle-profile,5,0.04065040650406504,FALSE
32,32,Contact/discipline-based,Low offensive profile,9,0.07317073170731707,FALSE
32,32,Contact/discipline-based,Reduced/limited role,12,0.0975609756097561,FALSE
32,32,Contact/discipline-based,Exited MLB,25,0.2032520325203252,FALSE
32,32,Middle-profile,Power-based,4,0.11764705882352941,FALSE
32,32,Middle-profile,Contact/discipline-based,5,0.14705882352941177,FALSE
32,32,Middle-profile,Middle-profile,9,0.2647058823529412,FALSE
32,32,Middle-profile,Low offensive profile,4,0.11764705882352941,FALSE
32,32,Middle-profile,Reduced/limited role,5,0.14705882352941177,FALSE
32,32,Middle-profile,Exited MLB,7,0.20588235294117646,FALSE
32,32,Low offensive profile,Power-based,5,0.08196721311475409,FALSE
32,32,Low offensive profile,Contact/discipline-based,6,0.09836065573770492,FALSE
32,32,Low offensive profile,Middle-profile,2,0.03278688524590164,FALSE
32,32,Low offensive profile,Low offensive profile,20,0.32786885245901637,FALSE
32,32,Low offensive profile,Reduced/limited role,12,0.19672131147540983,FALSE
32,32,Low offensive profile,Exited MLB,16,0.26229508196721313,FALSE
33,33,Complete,Complete,2,0.2857142857142857,TRUE
33,33,Complete,Power-based,2,0.2857142857142857,TRUE
33,33,Complete,Contact/discipline-based,3,0.42857142857142855,TRUE
33,33,Power-based,Complete,4,0.06349206349206349,FALSE
33,33,Power-based,Power-based,30,0.47619047619047616,FALSE
33,33,Power-based,Contact/discipline-based,8,0.12698412698412698,FALSE
33,33,Power-based,Middle-profile,3,0.047619047619047616,FALSE
33,33,Power-based,Low offensive profile,6,0.09523809523809523,FALSE
33,33,Power-based,Reduced/limited role,3,0.047619047619047616,FALSE
33,33,Power-based,Exited MLB,9,0.14285714285714285,FALSE
33,33,Contact/discipline-based,Complete,2,0.021052631578947368,FALSE
33,33,Contact/discipline-based,Power-based,3,0.031578947368421054,FALSE
33,33,Contact/discipline-based,Contact/discipline-based,45,0.47368421052631576,FALSE
33,33,Contact/discipline-based,Middle-profile,3,0.031578947368421054,FALSE
33,33,Contact/discipline-based,Low offensive profile,8,0.08421052631578947,FALSE
33,33,Contact/discipline-based,Reduced/limited role,9,0.09473684210526316,FALSE
33,33,Contact/discipline-based,Exited MLB,25,0.2631578947368421,FALSE
33,33,Middle-profile,Power-based,5,0.17857142857142858,FALSE
33,33,Middle-profile,Contact/discipline-based,5,0.17857142857142858,FALSE
33,33,Middle-profile,Middle-profile,7,0.25,FALSE
33,33,Middle-profile,Low offensive profile,4,0.14285714285714285,FALSE
33,33,Middle-profile,Reduced/limited role,3,0.10714285714285714,FALSE
33,33,Middle-profile,Exited MLB,4,0.14285714285714285,FALSE
33,33,Low offensive profile,Power-based,7,0.14285714285714285,FALSE
33,33,Low offensive profile,Contact/discipline-based,3,0.061224489795918366,FALSE
33,33,Low offensive profile,Middle-profile,4,0.08163265306122448,FALSE
33,33,Low offensive profile,Low offensive profile,13,0.2653061224489796,FALSE
33,33,Low offensive profile,Reduced/limited role,4,0.08163265306122448,FALSE
33,33,Low offensive profile,Exited MLB,18,0.3673469387755102,FALSE
34,34,Complete,Complete,2,0.2,FALSE
34,34,Complete,Power-based,1,0.1,FALSE
34,34,Complete,Contact/discipline-based,3,0.3,FALSE
34,34,Complete,Low offensive profile,1,0.1,FALSE
34,34,Complete,Exited MLB,3,0.3,FALSE
34,34,Power-based,Complete,3,0.05454545454545454,FALSE
34,34,Power-based,Power-based,22,0.4,FALSE
34,34,Power-based,Contact/discipline-based,3,0.05454545454545454,FALSE
34,34,Power-based,Middle-profile,2,0.03636363636363636,FALSE
34,34,Power-based,Low offensive profile,7,0.12727272727272726,FALSE
34,34,Power-based,Reduced/limited role,2,0.03636363636363636,FALSE
34,34,Power-based,Exited MLB,16,0.2909090909090909,FALSE
34,34,Contact/discipline-based,Complete,2,0.02702702702702703,FALSE
34,34,Contact/discipline-based,Power-based,3,0.04054054054054054,FALSE
34,34,Contact/discipline-based,Contact/discipline-based,35,0.47297297297297297,FALSE
34,34,Contact/discipline-based,Middle-profile,2,0.02702702702702703,FALSE
34,34,Contact/discipline-based,Low offensive profile,2,0.02702702702702703,FALSE
34,34,Contact/discipline-based,Reduced/limited role,4,0.05405405405405406,FALSE
34,34,Contact/discipline-based,Exited MLB,26,0.35135135135135137,FALSE
34,34,Middle-profile,Power-based,1,0.05555555555555555,FALSE
34,34,Middle-profile,Contact/discipline-based,5,0.2777777777777778,FALSE
34,34,Middle-profile,Middle-profile,2,0.1111111111111111,FALSE
34,34,Middle-profile,Low offensive profile,2,0.1111111111111111,FALSE
34,34,Middle-profile,Reduced/limited role,2,0.1111111111111111,FALSE
34,34,Middle-profile,Exited MLB,6,0.3333333333333333,FALSE
34,34,Low offensive profile,Power-based,2,0.05405405405405406,FALSE
34,34,Low offensive profile,Contact/discipline-based,1,0.02702702702702703,FALSE
34,34,Low offensive profile,Middle-profile,3,0.08108108108108109,FALSE
34,34,Low offensive profile,Low offensive profile,5,0.13513513513513514,FALSE
34,34,Low offensive profile,Reduced/limited role,3,0.08108108108108109,FALSE
34,34,Low offensive profile,Exited MLB,23,0.6216216216216216,FALSE
35,35,Complete,Complete,3,0.42857142857142855,TRUE
35,35,Complete,Power-based,2,0.2857142857142857,TRUE
35,35,Complete,Contact/discipline-based,1,0.14285714285714285,TRUE
35,35,Complete,Exited MLB,1,0.14285714285714285,TRUE
35,35,Power-based,Complete,3,0.08823529411764706,FALSE
35,35,Power-based,Power-based,18,0.5294117647058824,FALSE
35,35,Power-based,Contact/discipline-based,2,0.058823529411764705,FALSE
35,35,Power-based,Middle-profile,1,0.029411764705882353,FALSE
35,35,Power-based,Low offensive profile,2,0.058823529411764705,FALSE
35,35,Power-based,Exited MLB,8,0.23529411764705882,FALSE
35,35,Contact/discipline-based,Complete,2,0.038461538461538464,FALSE
35,35,Contact/discipline-based,Contact/discipline-based,22,0.4230769230769231,FALSE
35,35,Contact/discipline-based,Middle-profile,2,0.038461538461538464,FALSE
35,35,Contact/discipline-based,Low offensive profile,1,0.019230769230769232,FALSE
35,35,Contact/discipline-based,Reduced/limited role,1,0.019230769230769232,FALSE
35,35,Contact/discipline-based,Exited MLB,24,0.46153846153846156,FALSE
35,35,Middle-profile,Contact/discipline-based,1,0.07692307692307693,FALSE
35,35,Middle-profile,Low offensive profile,2,0.15384615384615385,FALSE
35,35,Middle-profile,Reduced/limited role,1,0.07692307692307693,FALSE
35,35,Middle-profile,Exited MLB,9,0.6923076923076923,FALSE
35,35,Low offensive profile,Power-based,2,0.08695652173913043,FALSE
35,35,Low offensive profile,Contact/discipline-based,3,0.13043478260869565,FALSE
35,35,Low offensive profile,Middle-profile,1,0.043478260869565216,FALSE
35,35,Low offensive profile,Low offensive profile,6,0.2608695652173913,FALSE
35,35,Low offensive profile,Reduced/limited role,3,0.13043478260869565,FALSE
35,35,Low offensive profile,Exited MLB,8,0.34782608695652173,FALSE
36,36,Complete,Complete,1,0.125,TRUE
36,36,Complete,Power-based,2,0.25,TRUE
36,36,Complete,Contact/discipline-based,3,0.375,TRUE
36,36,Complete,Middle-profile,1,0.125,TRUE
36,36,Complete,Exited MLB,1,0.125,TRUE
36,36,Power-based,Power-based,11,0.4782608695652174,FALSE
36,36,Power-based,Contact/discipline-based,1,0.043478260869565216,FALSE
36,36,Power-based,Middle-profile,1,0.043478260869565216,FALSE
36,36,Power-based,Low offensive profile,1,0.043478260869565216,FALSE
36,36,Power-based,Reduced/limited role,2,0.08695652173913043,FALSE
36,36,Power-based,Exited MLB,7,0.30434782608695654,FALSE
36,36,Contact/discipline-based,Complete,1,0.029411764705882353,FALSE
36,36,Contact/discipline-based,Power-based,1,0.029411764705882353,FALSE
36,36,Contact/discipline-based,Contact/discipline-based,11,0.3235294117647059,FALSE
36,36,Contact/discipline-based,Middle-profile,1,0.029411764705882353,FALSE
36,36,Contact/discipline-based,Low offensive profile,2,0.058823529411764705,FALSE
36,36,Contact/discipline-based,Exited MLB,18,0.5294117647058824,FALSE
36,36,Middle-profile,Power-based,1,0.16666666666666666,TRUE
36,36,Middle-profile,Contact/discipline-based,2,0.3333333333333333,TRUE
36,36,Middle-profile,Exited MLB,3,0.5,TRUE
36,36,Low offensive profile,Middle-profile,1,0.06666666666666667,FALSE
36,36,Low offensive profile,Low offensive profile,4,0.26666666666666666,FALSE
36,36,Low offensive profile,Reduced/limited role,3,0.2,FALSE
36,36,Low offensive profile,Exited MLB,7,0.4666666666666667,FALSE
37,37,Complete,Complete,1,0.3333333333333333,TRUE
37,37,Complete,Contact/discipline-based,1,0.3333333333333333,TRUE
37,37,Complete,Middle-profile,1,0.3333333333333333,TRUE
37,37,Power-based,Complete,1,0.0625,FALSE
37,37,Power-based,Power-based,6,0.375,FALSE
37,37,Power-based,Contact/discipline-based,1,0.0625,FALSE
37,37,Power-based,Middle-profile,1,0.0625,FALSE
37,37,Power-based,Low offensive profile,1,0.0625,FALSE
37,37,Power-based,Exited MLB,6,0.375,FALSE
37,37,Contact/discipline-based,Complete,1,0.047619047619047616,FALSE
37,37,Contact/discipline-based,Power-based,1,0.047619047619047616,FALSE
37,37,Contact/discipline-based,Contact/discipline-based,6,0.2857142857142857,FALSE
37,37,Contact/discipline-based,Middle-profile,2,0.09523809523809523,FALSE
37,37,Contact/discipline-based,Low offensive profile,1,0.047619047619047616,FALSE
37,37,Contact/discipline-based,Exited MLB,10,0.47619047619047616,FALSE
37,37,Middle-profile,Power-based,1,0.25,TRUE
37,37,Middle-profile,Contact/discipline-based,1,0.25,TRUE
37,37,Middle-profile,Low offensive profile,1,0.25,TRUE
37,37,Middle-profile,Exited MLB,1,0.25,TRUE
37,37,Low offensive profile,Low offensive profile,3,0.42857142857142855,TRUE
37,37,Low offensive profile,Exited MLB,4,0.5714285714285714,TRUE
38,38,Complete,Power-based,1,0.25,TRUE
38,38,Complete,Contact/discipline-based,3,0.75,TRUE
38,38,Power-based,Power-based,2,0.2222222222222222,TRUE
38,38,Power-based,Middle-profile,1,0.1111111111111111,TRUE
38,38,Power-based,Low offensive profile,1,0.1111111111111111,TRUE
38,38,Power-based,Exited MLB,5,0.5555555555555556,TRUE
38,38,Contact/discipline-based,Contact/discipline-based,5,0.5555555555555556,TRUE
38,38,Contact/discipline-based,Exited MLB,4,0.4444444444444444,TRUE
38,38,Middle-profile,Reduced/limited role,1,0.25,TRUE
38,38,Middle-profile,Exited MLB,3,0.75,TRUE
38,38,Low offensive profile,Power-based,1,0.1,FALSE
38,38,Low offensive profile,Contact/discipline-based,1,0.1,FALSE
38,38,Low offensive profile,Low offensive profile,2,0.2,FALSE
38,38,Low offensive profile,Exited MLB,6,0.6,FALSE
39,39,Power-based,Power-based,1,0.25,TRUE
39,39,Power-based,Contact/discipline-based,1,0.25,TRUE
39,39,Power-based,Middle-profile,1,0.25,TRUE
39,39,Power-based,Exited MLB,1,0.25,TRUE
39,39,Contact/discipline-based,Contact/discipline-based,5,0.5555555555555556,TRUE
39,39,Contact/discipline-based,Exited MLB,4,0.4444444444444444,TRUE
39,39,Middle-profile,Middle-profile,1,1,TRUE
39,39,Low offensive profile,Low offensive profile,1,0.3333333333333333,TRUE
39,39,Low offensive profile,Exited MLB,2,0.6666666666666666,TRUE
40,40+,Complete,Complete,1,0.3333333333333333,TRUE
40,40+,Complete,Exited MLB,2,0.6666666666666666,TRUE
40,40+,Power-based,Complete,1,0.2,TRUE
40,40+,Power-based,Power-based,2,0.4,TRUE
40,40+,Power-based,Low offensive profile,2,0.4,TRUE
40,40+,Contact/discipline-based,Complete,1,0.09090909090909091,FALSE
40,40+,Contact/discipline-based,Contact/discipline-based,3,0.2727272727272727,FALSE
40,40+,Contact/discipline-based,Reduced/limited role,1,0.09090909090909091,FALSE
40,40+,Contact/discipline-based,Exited MLB,6,0.5454545454545454,FALSE
40,40+,Middle-profile,Exited MLB,2,1,TRUE
40,40+,Low offensive profile,Exited MLB,4,1,TRUE
