batter,season,oaa
547989,2016,-5
542436,2016,3
571431,2016,4
605113,2016,16
475174,2016,2
514888,2016,-3
641313,2016,6
462101,2016,-5
493114,2016,-2
606115,2016,0
571448,2016,19
430947,2016,-5
446381,2016,10
430832,2016,-2
493596,2016,0
542921,2016,-3
474832,2016,1
134181,2016,13
605141,2016,15
453568,2016,-2
593428,2016,-17
488721,2016,9
456422,2016,1
598265,2016,12
460075,2016,-9
457803,2016,0
592178,2016,7
542993,2016,0
621439,2016,9
595879,2016,14
452678,2016,-3
466320,2016,-12
408234,2016,6
456715,2016,7
594777,2016,0
429664,2016,10
572761,2016,-1
474892,2016,6
592206,2016,-2
516770,2016,12
493316,2016,-12
502082,2016,-4
458085,2016,-2
621043,2016,-18
446359,2016,-12
543063,2016,7
424825,2016,-1
543068,2016,-2
596144,2016,-2
448801,2016,-5
501981,2016,4
434658,2016,-2
474443,2016,-3
518614,2016,-2
435622,2016,2
518618,2016,0
518626,2016,-2
572821,2016,9
592273,2016,-8
622110,2016,6
594807,2016,3
502481,2016,5
649557,2016,-11
594809,2016,18
453056,2016,4
429665,2016,-4
444876,2016,6
500871,2016,3
488862,2016,-11
457787,2016,-2
527038,2016,-6
523253,2016,0
451594,2016,-2
596748,2016,-5
453943,2016,4
518692,2016,13
501896,2016,1
520471,2016,9
594824,2016,-4
611177,2016,-7
458731,2016,3
571697,2016,-6
543213,2016,1
572365,2016,4
502671,2016,1
503556,2016,9
408236,2016,-3
471865,2016,-2
460086,2016,3
434158,2016,2
544369,2016,-8
545341,2016,-2
446386,2016,1
576397,2016,7
460576,2016,-6
571740,2016,22
429666,2016,2
547180,2016,-4
543281,2016,6
452104,2016,6
592387,2016,2
588751,2016,11
514917,2016,5
546318,2016,5
518792,2016,14
543305,2016,-1
431094,2016,-1
571788,2016,1
543333,2016,-9
578428,2016,10
542255,2016,20
608671,2016,7
445055,2016,-4
430637,2016,-5
430945,2016,4
628356,2016,5
461314,2016,-24
435062,2016,0
596146,2016,14
595281,2016,13
435079,2016,9
543401,2016,0
571875,2016,4
543434,2016,-6
518934,2016,4
596019,2016,18
425766,2016,1
446334,2016,-1
476704,2016,-12
592518,2016,9
545350,2016,14
455976,2016,-2
606466,2016,-3
516782,2016,-2
547982,2016,11
502110,2016,-11
408045,2016,8
457727,2016,-4
608577,2016,0
457705,2016,-14
474568,2016,8
593160,2016,-1
543543,2016,-23
519048,2016,5
461235,2016,1
502517,2016,-16
571976,2016,7
435063,2016,-1
571980,2016,-11
543590,2016,1
456488,2016,-4
502523,2016,-4
596059,2016,0
449181,2016,8
572008,2016,-9
542303,2016,-1
434636,2016,-2
605412,2016,8
592626,2016,2
456030,2016,-7
452254,2016,-4
460060,2016,4
425509,2016,-1
606299,2016,2
607054,2016,3
463610,2016,-2
408252,2016,-16
607680,2016,11
572039,2016,3
461858,2016,-3
570256,2016,4
593871,2016,-6
445988,2016,-4
595777,2016,6
624577,2016,5
541650,2016,3
493351,2016,-15
434670,2016,1
608070,2016,13
458675,2016,3
502210,2016,2
543685,2016,-1
519184,2016,4
408314,2016,-2
448602,2016,2
519203,2016,0
446481,2016,2
500743,2016,2
461865,2016,3
489267,2016,2
592696,2016,4
608365,2016,20
573135,2016,1
542454,2016,-4
593934,2016,-11
596143,2016,-9
459431,2016,-4
572114,2016,0
570731,2016,13
608369,2016,-16
572122,2016,11
516416,2016,11
543760,2016,-6
543768,2016,-3
592743,2016,12
452234,2016,-6
519295,2016,2
500208,2016,-1
519306,2016,4
452655,2016,-3
543807,2016,2
519317,2016,1
596115,2016,4
543829,2016,-1
553993,2016,6
407893,2016,2
630111,2016,-18
581527,2016,2
545361,2016,-3
444432,2016,-16
453064,2016,-2
457759,2016,7
607208,2016,6
425834,2016,1
457708,2016,-5
346874,2016,2
400284,2016,-8
472528,2016,-2
502143,2016,-9
542340,2016,-22
458015,2016,-9
435522,2016,-7
150029,2016,-4
543939,2016,4
592885,2016,6
475582,2016,8
450314,2016,-7
547989,2017,4
501303,2017,2
546991,2017,-1
475174,2017,-4
571437,2017,1
514888,2017,0
641313,2017,-10
462101,2017,6
606115,2017,5
571448,2017,10
641319,2017,-1
430947,2017,-11
446381,2017,-5
430832,2017,-6
542921,2017,-3
605137,2017,-7
641355,2017,0
474832,2017,10
134181,2017,3
643217,2017,-5
605141,2017,16
453568,2017,-5
593428,2017,1
593528,2017,-4
571506,2017,2
598265,2017,13
608324,2017,4
542979,2017,11
457803,2017,-3
592178,2017,3
621439,2017,27
595879,2017,10
452678,2017,-12
466320,2017,-12
408234,2017,-1
456715,2017,15
594777,2017,-6
622666,2017,6
429664,2017,-3
572761,2017,-5
592206,2017,-14
516770,2017,5
656305,2017,9
624424,2017,3
621043,2017,-2
446359,2017,-8
543063,2017,6
543068,2017,7
448801,2017,-5
501981,2017,2
434658,2017,1
657557,2017,-14
592261,2017,4
518614,2017,-7
435622,2017,-5
646240,2017,-9
572816,2017,1
518618,2017,-11
594694,2017,8
518626,2017,1
572821,2017,17
592273,2017,9
446263,2017,-6
594807,2017,7
502481,2017,8
649557,2017,-1
453056,2017,2
641553,2017,21
444876,2017,9
500871,2017,0
488862,2017,-3
457787,2017,2
527038,2017,-9
523253,2017,-9
451594,2017,-8
596748,2017,-2
624428,2017,-9
453943,2017,8
518692,2017,2
501896,2017,5
608336,2017,-5
520471,2017,6
592325,2017,-6
594824,2017,-1
541645,2017,0
544725,2017,0
458731,2017,7
571697,2017,-7
572365,2017,0
502671,2017,6
503556,2017,0
471865,2017,-1
460086,2017,4
434158,2017,-3
544369,2017,-8
545341,2017,6
493329,2017,-1
576397,2017,15
460576,2017,2
571740,2017,11
571745,2017,-1
664023,2017,-2
429666,2017,5
547180,2017,-6
543281,2017,2
452104,2017,0
592387,2017,-12
588751,2017,5
628338,2017,11
514917,2017,-4
571771,2017,-1
491676,2017,6
546318,2017,11
518792,2017,8
543305,2017,3
543333,2017,-5
578428,2017,5
542255,2017,18
430945,2017,-10
571830,2017,-3
459964,2017,1
592450,2017,11
461314,2017,-17
596146,2017,9
595281,2017,12
435079,2017,11
543401,2017,-2
571875,2017,-6
518934,2017,20
596019,2017,13
446334,2017,3
476704,2017,6
553988,2017,-1
592518,2017,-6
543484,2017,2
641820,2017,-7
622534,2017,10
455976,2017,-2
606466,2017,1
502110,2017,-6
408045,2017,11
457727,2017,4
608577,2017,-4
457705,2017,-3
474568,2017,4
593160,2017,2
543543,2017,-6
660162,2017,-3
519048,2017,4
489149,2017,-4
600301,2017,-4
519058,2017,-2
502517,2017,-14
571976,2017,-5
456488,2017,-13
596059,2017,4
572008,2017,-7
542303,2017,0
605412,2017,-5
467827,2017,3
456030,2017,1
452254,2017,-4
460060,2017,-4
444482,2017,0
606299,2017,3
502054,2017,7
408252,2017,-10
607680,2017,-1
640461,2017,-3
461858,2017,-3
570256,2017,-1
593871,2017,0
572041,2017,-1
624577,2017,-2
541650,2017,4
608070,2017,8
502210,2017,3
543685,2017,4
592669,2017,-1
408314,2017,-11
448602,2017,-5
595375,2017,2
519203,2017,8
621002,2017,1
500743,2017,1
461865,2017,-3
489267,2017,-4
642708,2017,-6
592696,2017,-3
608365,2017,18
573135,2017,6
467793,2017,9
570267,2017,-6
593934,2017,-2
594988,2017,1
570731,2017,6
608369,2017,3
572122,2017,10
516416,2017,1
543760,2017,-8
543768,2017,14
592743,2017,20
475253,2017,3
519299,2017,3
500208,2017,1
519306,2017,7
452655,2017,-10
605486,2017,-9
543807,2017,-3
519317,2017,0
596115,2017,7
543829,2017,-4
553993,2017,5
621020,2017,-5
570560,2017,6
621035,2017,1
572191,2017,9
519346,2017,-4
591720,2017,4
545361,2017,-4
453064,2017,-2
457759,2017,3
607208,2017,1
457708,2017,-2
400284,2017,-6
472528,2017,-1
502143,2017,2
542340,2017,1
458015,2017,-1
435522,2017,-1
543939,2017,-3
592885,2017,0
605548,2017,0
475582,2017,-4
450314,2017,-3
547989,2018,-3
660670,2018,3
642715,2018,-8
501303,2018,6
542583,2018,0
605113,2018,34
645277,2018,11
656185,2018,3
546991,2018,12
475174,2018,-8
514888,2018,6
605119,2018,-3
641313,2018,8
462101,2018,2
609280,2018,-8
606115,2018,8
571448,2018,12
664056,2018,18
641343,2018,-6
430832,2018,-7
542921,2018,-8
605137,2018,-1
641355,2018,4
474832,2018,2
134181,2018,2
643217,2018,2
605141,2018,11
453568,2018,-10
593428,2018,-2
623520,2018,4
571506,2018,-5
598265,2018,13
488726,2018,-3
460075,2018,-3
608324,2018,0
621446,2018,-1
457803,2018,-6
592178,2018,-3
595879,2018,7
452678,2018,8
456715,2018,19
594777,2018,1
622666,2018,5
600869,2018,1
592192,2018,-2
429664,2018,2
572761,2018,-9
592206,2018,-23
516770,2018,6
595909,2018,1
656305,2018,6
624424,2018,5
621043,2018,23
446359,2018,-11
543063,2018,10
518586,2018,-2
448801,2018,2
657557,2018,-9
592261,2018,11
518614,2018,-15
435622,2018,-5
646240,2018,-3
572816,2018,8
518618,2018,-12
594694,2018,3
572821,2018,-12
641531,2018,-12
622110,2018,-2
594807,2018,8
649557,2018,-2
594809,2018,-4
641553,2018,16
444876,2018,-9
500871,2018,-1
664058,2018,8
527038,2018,2
523253,2018,-2
596748,2018,-5
624428,2018,1
453943,2018,5
518692,2018,3
501896,2018,-3
608336,2018,2
520471,2018,9
541645,2018,4
544725,2018,3
458731,2018,2
571697,2018,-5
502671,2018,-4
503556,2018,1
471865,2018,1
592348,2018,0
460086,2018,1
544369,2018,-10
545341,2018,7
666971,2018,-5
493329,2018,1
608597,2018,3
576397,2018,-2
460576,2018,3
571740,2018,16
571745,2018,-3
593700,2018,-4
664023,2018,-8
547180,2018,-14
543281,2018,-3
592387,2018,-7
588751,2018,3
628338,2018,7
514917,2018,-5
571771,2018,1
491676,2018,1
606192,2018,-8
546318,2018,-1
594011,2018,1
518792,2018,2
543305,2018,-4
571788,2018,3
656555,2018,-16
543333,2018,-10
578428,2018,0
542255,2018,19
457706,2018,-3
608671,2018,10
445055,2018,-4
430945,2018,-14
592444,2018,6
592450,2018,1
461314,2018,-5
643393,2018,0
596146,2018,9
595281,2018,7
643396,2018,11
664068,2018,-4
435079,2018,3
543401,2018,-5
518934,2018,14
596019,2018,21
446334,2018,-6
476704,2018,10
553988,2018,-3
592518,2018,6
641820,2018,-7
622534,2018,11
455976,2018,2
606466,2018,7
516782,2018,8
547982,2018,2
500874,2018,-12
408045,2018,2
457727,2018,3
608577,2018,-8
457705,2018,-10
643446,2018,3
474568,2018,11
593160,2018,4
660162,2018,-18
609275,2018,7
592567,2018,-9
519048,2018,1
519058,2018,-4
571970,2018,-10
502517,2018,-12
622168,2018,-17
571976,2018,-4
607043,2018,5
456488,2018,-5
600524,2018,-9
596059,2018,9
621566,2018,5
542303,2018,-1
605412,2018,3
467827,2018,-3
592626,2018,-9
444482,2018,-1
606299,2018,7
607054,2018,-2
502054,2018,0
607680,2018,0
640461,2018,6
517369,2018,3
572039,2018,-2
570256,2018,-3
593871,2018,-3
572041,2018,6
595777,2018,-15
624577,2018,-4
541650,2018,2
608070,2018,4
502210,2018,8
543685,2018,4
592669,2018,-2
595375,2018,14
519203,2018,6
621002,2018,3
500135,2018,0
500743,2018,14
642708,2018,-17
592696,2018,-1
608365,2018,17
467793,2018,7
593934,2018,-4
594988,2018,0
570731,2018,7
656941,2018,-7
572122,2018,-5
516416,2018,3
543760,2018,1
543768,2018,5
592743,2018,14
605480,2018,-1
475253,2018,5
500208,2018,0
665742,2018,-5
452655,2018,-5
605486,2018,2
543807,2018,0
596115,2018,-6
543829,2018,-7
553993,2018,0
621020,2018,7
570560,2018,8
621035,2018,6
572191,2018,8
650402,2018,-7
581527,2018,-17
545361,2018,5
457759,2018,-1
607208,2018,12
457708,2018,-7
472528,2018,-1
502143,2018,-6
570799,2018,1
542340,2018,0
458015,2018,-2
435522,2018,-8
621563,2018,5
608384,2018,-6
543939,2018,6
592885,2018,2
450314,2018,0
547989,2019,-7
660670,2019,0
642715,2019,8
501303,2019,-3
605113,2019,17
593643,2019,4
645277,2019,-3
546991,2019,3
624413,2019,-6
514888,2019,5
605119,2019,1
641313,2019,2
462101,2019,10
606115,2019,-7
571448,2019,22
650333,2019,-13
664056,2019,12
493596,2019,-7
542921,2019,-12
605137,2019,-4
641355,2019,8
474832,2019,0
643217,2019,-8
542932,2019,-1
605141,2019,4
624415,2019,-1
453568,2019,-10
593428,2019,-9
623520,2019,1
598265,2019,6
488726,2019,-2
460075,2019,-8
608324,2019,1
621446,2019,0
542979,2019,8
592178,2019,-1
621439,2019,11
595879,2019,32
452678,2019,8
456715,2019,14
594777,2019,1
622666,2019,-4
600869,2019,4
592192,2019,-1
429664,2019,1
572761,2019,6
592206,2019,-7
605612,2019,-6
516770,2019,10
656305,2019,15
656308,2019,3
596847,2019,-6
425783,2019,-13
624424,2019,5
643265,2019,4
641477,2019,7
621043,2019,11
543063,2019,5
641487,2019,-1
543068,2019,6
596144,2019,-9
621311,2019,2
448801,2019,0
605204,2019,-7
657557,2019,7
592261,2019,11
435622,2019,-10
646240,2019,18
518618,2019,-4
641525,2019,1
518626,2019,10
572821,2019,-4
641531,2019,-7
592273,2019,5
621453,2019,3
502481,2019,6
594809,2019,0
669242,2019,11
641553,2019,6
500871,2019,-4
664058,2019,12
527038,2019,0
523253,2019,-8
451594,2019,-6
596748,2019,-1
624428,2019,9
453943,2019,1
518692,2019,-3
502273,2019,2
520471,2019,8
594824,2019,-1
541645,2019,3
544725,2019,0
458731,2019,2
502671,2019,7
503556,2019,6
592348,2019,11
571718,2019,2
460086,2019,-5
544369,2019,-19
545341,2019,6
543257,2019,3
665489,2019,-19
493329,2019,6
608597,2019,-4
571740,2019,4
641658,2019,0
571745,2019,3
547180,2019,-1
588751,2019,-3
514917,2019,0
571771,2019,-3
606192,2019,-5
518792,2019,9
669374,2019,-8
571788,2019,4
656555,2019,1
543333,2019,-11
578428,2019,14
650391,2019,-11
430945,2019,-4
592444,2019,1
592450,2019,8
643393,2019,7
435062,2019,-5
596146,2019,6
595281,2019,19
664068,2019,1
435079,2019,4
543401,2019,-11
600303,2019,-2
501571,2019,4
657656,2019,-3
518934,2019,9
596019,2019,24
446334,2019,8
670032,2019,1
664040,2019,-5
608475,2019,1
592518,2019,-7
641820,2019,-5
622534,2019,11
545350,2019,7
455976,2019,-1
606466,2019,-3
516782,2019,2
621006,2019,-1
547982,2019,2
608577,2019,1
641857,2019,-2
643446,2019,1
640457,2019,0
640458,2019,4
474568,2019,-1
593160,2019,-3
660162,2019,6
609275,2019,11
664238,2019,3
592567,2019,-8
519048,2019,-3
519058,2019,0
571970,2019,3
502517,2019,-7
571976,2019,0
571980,2019,2
621028,2019,-8
543592,2019,-2
656811,2019,-3
596059,2019,3
621566,2019,9
542303,2019,-7
605412,2019,5
592626,2019,-6
444482,2019,1
606299,2019,6
502054,2019,-10
607680,2019,0
640461,2019,-6
572039,2019,0
593871,2019,-21
595777,2019,-6
624577,2019,3
405395,2019,-7
541650,2019,-2
623912,2019,-5
608070,2019,6
502210,2019,1
543685,2019,2
592669,2019,7
650859,2019,-4
614177,2019,-2
668804,2019,2
519203,2019,1
621002,2019,2
645302,2019,22
500135,2019,-1
500743,2019,-1
642708,2019,-13
592696,2019,-15
547004,2019,-5
608365,2019,7
467793,2019,1
542454,2019,-2
570267,2019,-13
623993,2019,-3
593934,2019,-7
570731,2019,4
656941,2019,-10
608369,2019,4
572122,2019,3
516416,2019,-7
543760,2019,-4
669222,2019,1
543768,2019,-3
592743,2019,19
596105,2019,-9
605480,2019,11
475253,2019,-1
519299,2019,7
665742,2019,5
543807,2019,7
596115,2019,18
543829,2019,-3
553993,2019,1
621020,2019,3
570560,2019,-2
606132,2019,3
665487,2019,-16
621035,2019,0
519346,2019,7
650402,2019,-16
545361,2019,-4
457759,2019,5
607208,2019,4
570482,2019,-4
649966,2019,-5
657077,2019,3
542340,2019,-12
458015,2019,1
572233,2019,16
435522,2019,0
621563,2019,3
592859,2019,-4
608385,2019,-8
543939,2019,3
573262,2019,4
592885,2019,-4
547989,2020,4
660670,2020,1
642715,2020,-1
666176,2020,-4
501303,2020,3
542583,2020,-5
605113,2020,7
673451,2020,1
593643,2020,-3
645277,2020,3
514888,2020,-7
605119,2020,5
641313,2020,3
462101,2020,-2
660620,2020,-4
606115,2020,1
571448,2020,6
650333,2020,-3
664056,2020,3
605137,2020,-3
641355,2020,10
474832,2020,0
542932,2020,-2
605141,2020,4
666182,2020,1
624415,2020,-2
453568,2020,-1
593428,2020,-3
664761,2020,0
623520,2020,-4
598265,2020,6
608324,2020,1
621446,2020,-1
670712,2020,4
592178,2020,-3
621439,2020,4
595879,2020,9
452678,2020,3
594777,2020,-2
622666,2020,4
600869,2020,3
592192,2020,1
429664,2020,2
666185,2020,0
572761,2020,2
592206,2020,-4
650489,2020,-3
656305,2020,1
656308,2020,-4
596847,2020,-3
624424,2020,-3
621043,2020,4
543063,2020,8
641487,2020,6
630105,2020,6
605204,2020,-6
657557,2020,-4
592261,2020,0
646240,2020,-4
543105,2020,-3
572816,2020,-1
518626,2020,1
641531,2020,-1
643289,2020,4
594807,2020,1
650490,2020,-3
594809,2020,-2
669242,2020,3
500871,2020,1
669289,2020,3
664058,2020,-1
527038,2020,2
596748,2020,-1
624428,2020,6
640449,2020,1
453943,2020,-1
518692,2020,1
658069,2020,5
608336,2020,3
520471,2020,-5
671277,2020,-7
541645,2020,1
458731,2020,0
665926,2020,7
502671,2020,4
503556,2020,4
570481,2020,2
592348,2020,6
571718,2020,-2
460086,2020,-1
544369,2020,-8
545341,2020,1
663757,2020,7
543257,2020,3
665489,2020,-2
666971,2020,-1
493329,2020,4
641658,2020,2
664023,2020,1
547180,2020,0
663647,2020,4
669720,2020,1
514917,2020,3
571771,2020,1
606192,2020,-2
518792,2020,1
543305,2020,-4
656541,2020,0
669374,2020,-2
663538,2020,7
656555,2020,-5
543333,2020,-2
542255,2020,-1
650391,2020,-3
643393,2020,1
596146,2020,1
666198,2020,0
595281,2020,5
643396,2020,5
664068,2020,-4
543401,2020,-4
600303,2020,-4
657656,2020,2
518934,2020,-3
641786,2020,4
596019,2020,7
643418,2020,-3
446334,2020,5
670032,2020,7
664040,2020,0
592518,2020,4
663611,2020,1
622534,2020,2
455976,2020,1
606466,2020,0
516782,2020,2
608577,2020,1
641857,2020,0
643446,2020,0
664901,2020,0
593160,2020,3
660162,2020,-1
609275,2020,3
664238,2020,-1
519058,2020,-3
656775,2020,5
571970,2020,-5
502517,2020,-3
571976,2020,1
571980,2020,-5
621028,2020,-3
607043,2020,-2
641933,2020,4
596059,2020,1
621566,2020,0
605412,2020,-1
670623,2020,-3
444482,2020,1
606299,2020,3
607680,2020,-2
572039,2020,-2
593871,2020,0
572041,2020,-2
595777,2020,-1
608070,2020,-2
502210,2020,-5
543685,2020,1
592669,2020,0
650859,2020,-3
622682,2020,1
668804,2020,1
663586,2020,-5
519203,2020,3
673357,2020,5
645302,2020,1
500743,2020,3
642708,2020,2
592696,2020,0
547004,2020,2
467793,2020,2
623993,2020,1
593934,2020,-1
570731,2020,5
656941,2020,-2
608369,2020,1
572122,2020,3
516416,2020,5
543760,2020,-11
543768,2020,0
592743,2020,-1
519299,2020,1
669256,2020,-7
456781,2020,-8
665742,2020,-2
543807,2020,2
621466,2020,0
596115,2020,0
553993,2020,1
621020,2020,8
606132,2020,0
665487,2020,6
643565,2020,1
665750,2020,0
621035,2020,3
660731,2020,-2
650402,2020,-2
545361,2020,-1
663656,2020,5
457759,2020,1
607208,2020,-3
457708,2020,-2
570482,2020,1
649966,2020,4
642162,2020,-5
623205,2020,1
657077,2020,2
542340,2020,-11
572228,2020,-3
458015,2020,-5
642180,2020,6
572233,2020,0
621563,2020,2
657108,2020,5
543939,2020,0
573262,2020,-5
592885,2020,-2
547989,2021,1
642715,2021,-7
542583,2021,2
605113,2021,18
593643,2021,-1
645277,2021,2
642727,2021,8
624413,2021,3
514888,2021,2
605119,2021,1
641313,2021,1
462101,2021,5
571448,2021,10
668227,2021,1
650333,2021,-5
624414,2021,-1
668731,2021,-1
664056,2021,14
605137,2021,3
641355,2021,1
474832,2021,2
643217,2021,0
542932,2021,0
605141,2021,-1
666182,2021,-6
624415,2021,-7
453568,2021,-9
593428,2021,-11
664761,2021,-3
623520,2021,0
598265,2021,3
488726,2021,-2
608324,2021,0
664913,2021,4
592178,2021,-9
621439,2021,7
595879,2021,3
452678,2021,-2
456715,2021,5
600869,2021,0
592192,2021,1
666185,2021,-4
592206,2021,-7
605612,2021,-12
516770,2021,0
650489,2021,0
644374,2021,4
656305,2021,17
665862,2021,-3
596847,2021,0
624424,2021,1
621043,2021,10
543063,2021,16
641487,2021,0
543068,2021,0
630105,2021,1
518586,2021,3
666915,2021,-7
602074,2021,4
657557,2021,4
646240,2021,-13
518626,2021,1
641531,2021,-16
643289,2021,3
622110,2021,-4
621453,2021,4
594807,2021,4
649557,2021,8
656371,2021,-7
650490,2021,-3
669242,2021,14
444876,2021,-2
500871,2021,0
669289,2021,5
571657,2021,5
664058,2021,8
527038,2021,1
664034,2021,-3
596748,2021,-3
677551,2021,-5
624428,2021,1
518692,2021,3
658069,2021,0
608336,2021,5
520471,2021,-4
592325,2021,-11
671277,2021,-12
666969,2021,8
541645,2021,-2
544725,2021,-2
458731,2021,0
665926,2021,3
502671,2021,7
503556,2021,3
570481,2021,3
592348,2021,4
594838,2021,-5
544369,2021,-18
545341,2021,3
663757,2021,5
543257,2021,-3
665489,2021,-4
666971,2021,-7
493329,2021,-2
642721,2021,1
641658,2021,7
571745,2021,-8
664023,2021,-6
547180,2021,-7
543281,2021,5
663647,2021,12
669720,2021,0
628338,2021,6
514917,2021,-1
571771,2021,5
606192,2021,0
546318,2021,5
518792,2021,4
663538,2021,11
571788,2021,1
656555,2021,-2
543333,2021,1
578428,2021,1
663697,2021,-7
592450,2021,0
672284,2021,-2
643393,2021,2
596146,2021,8
666198,2021,-13
595281,2021,12
673490,2021,3
643396,2021,-6
600303,2021,1
501571,2021,1
657656,2021,-1
518934,2021,1
596019,2021,21
446334,2021,2
670032,2021,26
664040,2021,-8
663993,2021,-3
476704,2021,-3
666158,2021,-4
592518,2021,3
641820,2021,0
622534,2021,17
669016,2021,2
606466,2021,-5
516782,2021,0
608686,2021,3
676801,2021,12
457705,2021,-7
641857,2021,11
643446,2021,5
593160,2021,6
543543,2021,-3
660162,2021,2
664238,2021,11
663624,2021,-10
656775,2021,11
571970,2021,5
571976,2021,0
571980,2021,-7
621028,2021,3
607043,2021,4
641933,2021,5
596059,2021,8
621566,2021,1
542364,2021,-2
605412,2021,-4
592626,2021,-5
444482,2021,4
502054,2021,-5
621433,2021,10
607680,2021,-1
570256,2021,-1
593871,2021,-4
572041,2021,0
595777,2021,-8
623912,2021,-7
608070,2021,7
543685,2021,-6
592669,2021,-3
650859,2021,-7
668804,2021,11
663586,2021,-3
519203,2021,6
673357,2021,5
645302,2021,2
663898,2021,-3
668942,2021,-10
500743,2021,-4
642708,2021,-4
592696,2021,-2
467793,2021,1
623993,2021,-4
593934,2021,-6
570731,2021,5
656941,2021,-10
608369,2021,-9
572122,2021,5
516416,2021,8
543760,2021,4
670097,2021,-5
592743,2021,16
642086,2021,-10
656976,2021,-2
669256,2021,1
456781,2021,0
624585,2021,-6
624641,2021,4
665742,2021,4
596115,2021,-7
664702,2021,9
553993,2021,-9
621020,2021,1
606132,2021,2
665487,2021,1
621035,2021,-3
572191,2021,14
647351,2021,-6
650402,2021,-9
591720,2021,4
663656,2021,3
457759,2021,0
607208,2021,2
570482,2021,-3
649966,2021,-11
602104,2021,-9
642162,2021,2
642165,2021,-4
683734,2021,-8
657077,2021,-5
542340,2021,-3
458015,2021,2
664774,2021,1
572233,2021,3
665120,2021,-4
621563,2021,8
608385,2021,-7
621550,2021,3
543939,2021,0
573262,2021,3
592885,2021,2
605548,2021,9
682928,2022,-9
547989,2022,1
660670,2022,-8
642715,2022,10
666176,2022,-3
645277,2022,4
642727,2022,-2
669397,2022,8
624413,2022,-8
514888,2022,1
605119,2022,-5
641313,2022,-2
462101,2022,3
606157,2022,2
606115,2022,-3
571448,2022,14
668227,2022,-2
650333,2022,-5
624414,2022,-5
640492,2022,7
668731,2022,0
664056,2022,6
676480,2022,-2
605137,2022,-4
641355,2022,6
474832,2022,-3
643217,2022,-1
542932,2022,4
605141,2022,3
666182,2022,-7
624415,2022,7
593428,2022,5
664761,2022,-8
598265,2022,7
608324,2022,8
681146,2022,0
664913,2022,-7
595879,2022,1
594777,2022,-1
600869,2022,-5
592192,2022,-2
666185,2022,3
592206,2022,-8
660636,2022,-2
605612,2022,-12
666801,2022,-4
650489,2022,0
665482,2022,1
644374,2022,3
656305,2022,2
656308,2022,-5
665862,2022,3
596847,2022,2
614173,2022,-9
621043,2022,-3
543063,2022,7
641487,2022,-11
543068,2022,1
630105,2022,2
665833,2022,-9
666915,2022,-1
602074,2022,-2
650559,2022,-3
657557,2022,5
646240,2022,-2
518626,2022,5
680977,2022,-4
641531,2022,-6
592273,2022,1
643289,2022,7
622110,2022,-2
677649,2022,-1
680776,2022,-3
594807,2022,5
649557,2022,3
650490,2022,-7
669242,2022,19
641553,2022,3
500871,2022,-6
669289,2022,8
642731,2022,1
571657,2022,-1
664058,2022,8
527038,2022,-3
664034,2022,-5
596748,2022,-3
677551,2022,1
624428,2022,6
518692,2022,2
608336,2022,-3
592325,2022,-6
671277,2022,-13
666969,2022,1
541645,2022,-1
544725,2022,1
665926,2022,13
502671,2022,-5
660757,2022,-5
670768,2022,-5
624503,2022,-1
669357,2022,-11
682985,2022,1
544369,2022,-5
545341,2022,-2
663757,2022,16
543257,2022,0
665489,2022,-3
641645,2022,6
666971,2022,-2
493329,2022,-8
641658,2022,0
664023,2022,2
671739,2022,6
543281,2022,2
663647,2022,18
669720,2022,-4
628450,2022,-5
514917,2022,-4
571771,2022,2
606192,2022,-3
543305,2022,0
663538,2022,13
656555,2022,-8
543333,2022,-1
578428,2022,-1
663697,2022,-10
664728,2022,12
656582,2022,-3
592450,2022,3
643393,2022,2
596146,2022,11
673490,2022,8
643396,2022,-4
680757,2022,9
657656,2022,-5
518934,2022,9
596019,2022,11
446334,2022,1
670032,2022,14
664040,2022,-4
663993,2022,-10
666158,2022,2
592518,2022,9
605353,2022,-5
663611,2022,2
622534,2022,1
669016,2022,6
606466,2022,-3
516782,2022,-1
686681,2022,-4
622761,2022,10
664983,2022,-1
676801,2022,9
656716,2022,2
641857,2022,10
643446,2022,7
593160,2022,5
680911,2022,6
669304,2022,-3
660162,2022,4
664238,2022,0
666624,2022,-8
663624,2022,4
656775,2022,10
571970,2022,-4
571976,2022,4
647304,2022,3
641914,2022,-7
621028,2022,-1
607043,2022,6
663457,2022,2
641933,2022,4
596059,2022,-6
621566,2022,4
542364,2022,-1
665506,2022,6
670623,2022,5
592626,2022,-11
444482,2022,6
672695,2022,2
607054,2022,6
665161,2022,7
502054,2022,-5
621433,2022,10
640461,2022,-8
593871,2022,-8
572041,2022,-1
595777,2022,-4
608070,2022,4
592669,2022,-2
650859,2022,-8
622682,2022,-2
668804,2022,-6
608703,2022,-1
663586,2022,-7
663845,2022,-2
656896,2022,3
519203,2022,-3
673357,2022,2
645302,2022,5
663898,2022,3
677594,2022,8
668942,2022,-5
500743,2022,11
642708,2022,-10
467793,2022,3
623993,2022,-4
570731,2022,27
656941,2022,-12
608369,2022,4
516416,2022,3
543760,2022,8
669222,2022,-1
657757,2022,-4
642350,2022,15
596103,2022,1
669701,2022,1
675656,2022,3
624641,2022,10
665742,2022,-15
543807,2022,0
596115,2022,10
681082,2022,1
664702,2022,14
669261,2022,1
673548,2022,-3
553993,2022,0
621020,2022,22
660821,2022,-3
606132,2022,-4
665750,2022,4
621035,2022,3
572191,2022,5
621438,2022,7
642133,2022,-4
677950,2022,7
657041,2022,-3
572204,2022,3
679529,2022,-1
647351,2022,0
650402,2022,-1
545361,2022,3
663656,2022,5
457759,2022,-2
607208,2022,-1
570482,2022,-5
649966,2022,-1
602104,2022,6
642165,2022,-1
545121,2022,7
662139,2022,17
683734,2022,-20
623205,2022,3
657077,2022,-4
663837,2022,0
542340,2022,-15
458015,2022,-9
642180,2022,-2
572233,2022,14
670764,2022,-11
665120,2022,-1
621493,2022,1
621563,2022,3
608385,2022,-9
621550,2022,-15
677951,2022,-11
543939,2022,-10
573262,2022,2
592885,2022,-4
682928,2023,-9
547989,2023,-6
660670,2023,-7
642715,2023,16
605113,2023,6
645277,2023,-10
669397,2023,1
624413,2023,0
514888,2023,-3
605119,2023,0
641313,2023,-2
462101,2023,6
606115,2023,4
571448,2023,5
672356,2023,4
668227,2023,-4
650333,2023,-14
624414,2023,-3
668731,2023,0
664056,2023,7
678225,2023,0
683146,2023,-4
641355,2023,3
643217,2023,-11
666181,2023,-3
542932,2023,5
605141,2023,-3
666182,2023,-3
624415,2023,-2
668709,2023,-3
593428,2023,3
664761,2023,-4
608324,2023,2
686823,2023,2
664913,2023,-4
669394,2023,-9
595879,2023,9
676609,2023,8
665828,2023,-1
669743,2023,8
600869,2023,1
592192,2023,0
681481,2023,-4
682998,2023,4
671213,2023,-10
592206,2023,-4
605612,2023,-6
666801,2023,-6
650489,2023,3
656305,2023,5
665862,2023,4
693049,2023,0
624424,2023,-2
621043,2023,1
543063,2023,6
641487,2023,-9
630105,2023,-1
605204,2023,6
650559,2023,-8
682829,2023,4
657557,2023,8
646240,2023,-8
672478,2023,-9
680977,2023,-5
686668,2023,13
592273,2023,5
643289,2023,2
622110,2023,-1
677649,2023,-3
680776,2023,-1
594807,2023,-3
649557,2023,-3
650490,2023,-6
669242,2023,9
500871,2023,-7
669289,2023,-4
642731,2023,18
656413,2023,3
571657,2023,2
527038,2023,-2
664034,2023,-1
677551,2023,11
624428,2023,-15
518692,2023,4
671289,2023,-2
670770,2023,6
608336,2023,-1
672580,2023,15
671277,2023,-4
666969,2023,3
680869,2023,3
665926,2023,18
502671,2023,3
669357,2023,-2
682985,2023,0
545341,2023,-7
663757,2023,7
665489,2023,-14
666971,2023,2
493329,2023,-2
641658,2023,-3
664023,2023,-7
671739,2023,6
663647,2023,18
669720,2023,3
683002,2023,0
571771,2023,-19
606192,2023,0
518792,2023,7
543305,2023,-3
663538,2023,13
628451,2023,3
663697,2023,-6
664728,2023,11
608671,2023,4
656582,2023,1
666134,2023,-4
666397,2023,-1
673962,2023,7
672284,2023,0
643393,2023,-2
596146,2023,4
595281,2023,11
673490,2023,9
643396,2023,2
666135,2023,-7
680757,2023,7
657656,2023,1
518934,2023,1
596019,2023,6
670032,2023,9
664040,2023,4
666139,2023,-2
663993,2023,5
592518,2023,12
663611,2023,10
672779,2023,-6
622534,2023,3
669016,2023,7
606466,2023,1
516782,2023,-5
686681,2023,3
622761,2023,-1
665155,2023,-11
664983,2023,-1
676801,2023,4
656716,2023,5
680574,2023,2
641857,2023,8
643446,2023,3
669004,2023,-10
593160,2023,-1
676694,2023,7
680911,2023,8
655316,2023,-1
660162,2023,0
666160,2023,4
660707,2023,-6
663624,2023,0
519058,2023,-3
656775,2023,6
571970,2023,-9
647304,2023,5
687263,2023,1
621028,2023,-3
607043,2023,0
676116,2023,-3
663457,2023,3
656811,2023,4
621566,2023,-5
681546,2023,9
670623,2023,0
678894,2023,-1
444482,2023,-2
672695,2023,4
607054,2023,0
665161,2023,2
502054,2023,-1
593871,2023,-7
668472,2023,-5
595777,2023,-14
670042,2023,-1
608070,2023,6
621545,2023,1
592669,2023,-4
650859,2023,-10
668804,2023,-4
663586,2023,-1
656896,2023,1
519203,2023,7
673357,2023,12
677594,2023,11
679032,2023,8
668942,2023,6
500743,2023,6
642708,2023,-14
592696,2023,3
665923,2023,2
467793,2023,2
623993,2023,-1
669477,2023,-2
656941,2023,-18
608369,2023,1
516416,2023,-4
543760,2023,16
669222,2023,-9
670097,2023,-4
642350,2023,9
642086,2023,1
669701,2023,-4
456781,2023,-4
624641,2023,2
672820,2023,-1
665742,2023,-7
543807,2023,1
668715,2023,-16
681082,2023,17
664702,2023,4
669261,2023,1
673548,2023,1
553993,2023,11
621020,2023,20
660821,2023,0
665487,2023,8
643565,2023,0
665750,2023,7
621035,2023,-2
572191,2023,8
677950,2023,5
657041,2023,-4
679529,2023,-7
650402,2023,-4
678662,2023,15
676701,2023,2
669707,2023,5
545361,2023,4
663656,2023,-5
668930,2023,1
607208,2023,-6
570482,2023,0
602104,2023,-9
545121,2023,2
678246,2023,-7
662139,2023,10
683734,2023,-7
657077,2023,1
663837,2023,0
683011,2023,1
664774,2023,-4
572233,2023,12
691023,2023,-13
670764,2023,-7
621493,2023,2
671221,2023,5
621563,2023,-3
676059,2023,2
686894,2023,6
621550,2023,-7
677951,2023,13
543939,2023,-1
573262,2023,2
592885,2023,3
682928,2024,-18
677800,2024,6
642715,2024,1
666176,2024,0
605113,2024,9
645277,2024,-1
624413,2024,-9
514888,2024,-9
641313,2024,-2
606115,2024,4
571448,2024,10
668227,2024,-6
650333,2024,-12
664056,2024,9
680718,2024,-6
683146,2024,2
641343,2024,-1
605137,2024,-9
641355,2024,0
643217,2024,-5
666181,2024,-2
605141,2024,-3
666182,2024,1
624415,2024,-3
668709,2024,-3
593428,2024,5
664761,2024,5
608324,2024,8
686823,2024,-3
664913,2024,-6
660644,2024,-4
669394,2024,-7
676475,2024,-8
683737,2024,1
671732,2024,-1
621439,2024,4
595879,2024,-1
676609,2024,7
665828,2024,2
600869,2024,-9
666185,2024,-7
682998,2024,10
671213,2024,-2
592206,2024,-8
650489,2024,0
595909,2024,-2
656305,2024,11
665862,2024,8
694192,2024,5
676391,2024,7
624424,2024,-4
621043,2024,5
681297,2024,11
641487,2024,1
630105,2024,0
691718,2024,13
665833,2024,-1
650559,2024,-7
682829,2024,14
657557,2024,4
676356,2024,7
646240,2024,-7
680977,2024,5
686668,2024,14
592273,2024,-2
643289,2024,10
677649,2024,3
680776,2024,10
594807,2024,1
650490,2024,-3
669242,2024,-2
669364,2024,-10
669289,2024,-4
642731,2024,9
656413,2024,4
571657,2024,5
666149,2024,-2
666150,2024,2
641584,2024,1
664034,2024,-11
624428,2024,-1
518692,2024,1
671289,2024,-4
686217,2024,6
670770,2024,-4
672580,2024,2
671277,2024,5
666969,2024,-12
680869,2024,2
665926,2024,20
502671,2024,0
693304,2024,2
663853,2024,-5
624503,2024,-1
669357,2024,-6
682985,2024,2
665489,2024,-9
641645,2024,2
666971,2024,3
666152,2024,-1
641658,2024,8
571745,2024,-5
664023,2024,-1
547180,2024,8
671739,2024,7
663647,2024,6
683002,2024,0
571771,2024,1
606192,2024,-9
663538,2024,9
702616,2024,1
687462,2024,2
656555,2024,-5
628451,2024,6
578428,2024,2
663697,2024,1
664728,2024,9
677870,2024,-3
656582,2024,-1
592450,2024,-6
666397,2024,-4
690993,2024,1
672284,2024,-4
596146,2024,4
595281,2024,11
673490,2024,4
643396,2024,4
680757,2024,5
694671,2024,3
657656,2024,-7
518934,2024,5
668904,2024,1
596019,2024,15
702358,2024,-3
694388,2024,0
670032,2024,5
672640,2024,14
664040,2024,0
666139,2024,-2
663993,2024,7
666158,2024,-2
592518,2024,-1
622534,2024,-4
669016,2024,-1
606466,2024,8
682622,2024,-11
516782,2024,-8
668885,2024,-7
686681,2024,4
622761,2024,-1
664983,2024,5
676801,2024,5
656716,2024,3
641857,2024,7
643446,2024,0
678009,2024,7
669004,2024,-6
593160,2024,-2
701538,2024,12
676694,2024,13
669304,2024,-7
666160,2024,1
664238,2024,1
666624,2024,-14
663624,2024,2
656775,2024,2
571970,2024,1
647304,2024,1
687263,2024,-5
663527,2024,-6
621028,2024,6
607043,2024,1
663457,2024,1
641933,2024,-4
621566,2024,4
687401,2024,11
681624,2024,1
680700,2024,2
670623,2024,-1
686469,2024,2
672695,2024,-1
663368,2024,10
665161,2024,-2
502054,2024,-2
607680,2024,0
593871,2024,-11
595777,2024,-6
672761,2024,4
678882,2024,-1
670042,2024,-6
671218,2024,-5
608070,2024,2
543685,2024,-2
592669,2024,-5
650859,2024,-7
668804,2024,-13
663586,2024,-4
656896,2024,-2
519203,2024,-2
673357,2024,1
645302,2024,1
677587,2024,5
663898,2024,-3
677594,2024,8
679032,2024,8
668942,2024,9
500743,2024,12
642708,2024,-8
467793,2024,14
623993,2024,-2
694384,2024,-5
682177,2024,0
676914,2024,0
680474,2024,-1
608369,2024,5
543760,2024,19
669222,2024,-5
657757,2024,-7
672279,2024,16
572138,2024,-7
642350,2024,16
642086,2024,2
669701,2024,-1
624641,2024,4
672820,2024,-5
665742,2024,-4
543807,2024,-1
668715,2024,-3
681082,2024,0
669261,2024,-7
673548,2024,-3
553993,2024,3
621020,2024,17
700242,2024,2
660821,2024,2
665487,2024,-1
665750,2024,4
621035,2024,-4
572191,2024,10
621438,2024,2
642133,2024,-5
657041,2024,-9
669911,2024,-5
679529,2024,1
647351,2024,0
650402,2024,-4
678662,2024,15
669707,2024,3
668930,2024,6
607208,2024,-3
570482,2024,5
602104,2024,-9
665839,2024,-9
545121,2024,1
678246,2024,-5
662139,2024,15
683734,2024,-9
657077,2024,1
668901,2024,-7
663837,2024,0
683011,2024,13
664774,2024,-3
572233,2024,13
670764,2024,-3
621493,2024,4
676059,2024,-6
608385,2024,-9
691026,2024,3
689172,2024,5
677951,2024,16
573262,2024,0
696285,2024,20
682928,2025,-11
677800,2025,8
660670,2025,-11
682668,2025,0
642715,2025,5
666176,2025,-12
645277,2025,-4
677942,2025,1
669397,2025,17
624413,2025,-9
514888,2025,-5
805373,2025,2
666018,2025,1
606115,2025,2
571448,2025,3
672356,2025,3
668227,2025,-5
650333,2025,-9
664056,2025,7
681460,2025,-11
680718,2025,-3
683146,2025,1
687597,2025,-2
641355,2025,7
643217,2025,-8
666181,2025,0
605141,2025,6
666182,2025,-13
668709,2025,-8
593428,2025,8
664761,2025,-2
608324,2025,3
669394,2025,-2
676475,2025,-4
683737,2025,-1
671732,2025,4
621439,2025,3
595879,2025,6
676609,2025,6
669743,2025,0
691406,2025,-3
692225,2025,-9
672744,2025,-2
666185,2025,-2
681481,2025,-3
682998,2025,10
592206,2025,-12
650489,2025,-9
656305,2025,4
665862,2025,5
694192,2025,3
672016,2025,13
665019,2025,4
676391,2025,15
686555,2025,4
624424,2025,-8
575929,2025,6
621043,2025,0
681297,2025,0
641487,2025,-13
686611,2025,3
630105,2025,0
691718,2025,24
665833,2025,0
682829,2025,-3
657557,2025,-1
691176,2025,-9
680977,2025,-1
686668,2025,6
643289,2025,20
677649,2025,2
680776,2025,-4
702332,2025,0
669242,2025,10
669364,2025,2
669289,2025,2
571657,2025,-5
666149,2025,0
664034,2025,10
624428,2025,0
518692,2025,-5
671289,2025,-13
686217,2025,7
670770,2025,1
672580,2025,17
671277,2025,-7
666969,2025,1
665926,2025,11
502671,2025,-3
693304,2025,4
663853,2025,-2
669357,2025,-8
682985,2025,1
663757,2025,-2
665489,2025,-2
666971,2025,-3
666152,2025,1
664023,2025,0
547180,2025,1
671739,2025,8
663647,2025,21
683002,2025,-3
687231,2025,1
571771,2025,5
606192,2025,-9
663538,2025,15
702616,2025,-8
687462,2025,1
691781,2025,2
578428,2025,-3
663697,2025,-14
664728,2025,12
666134,2025,-5
592450,2025,4
673962,2025,5
690993,2025,-3
596146,2025,0
673490,2025,-3
808975,2025,0
643396,2025,-1
683766,2025,-1
701762,2025,-6
680757,2025,5
694671,2025,10
657656,2025,-9
686797,2025,-4
808982,2025,-5
668904,2025,1
695734,2025,-8
596019,2025,5
672640,2025,9
664040,2025,-14
666139,2025,-4
663993,2025,-5
664770,2025,3
666158,2025,-9
592518,2025,-6
663968,2025,6
669016,2025,0
606466,2025,1
682622,2025,-4
682657,2025,-4
686681,2025,1
691723,2025,-2
656716,2025,0
680574,2025,4
641857,2025,6
643446,2025,2
678554,2025,0
805367,2025,2
701538,2025,3
676694,2025,9
660162,2025,-13
666160,2025,-8
695657,2025,7
664238,2025,-5
656775,2025,4
571970,2025,-5
691777,2025,-7
667472,2025,2
647304,2025,3
687263,2025,-8
607043,2025,-1
663457,2025,-1
681393,2025,-4
656811,2025,5
621566,2025,9
687401,2025,13
681624,2025,11
670623,2025,-4
686469,2025,-7
688363,2025,7
672724,2025,2
672695,2025,5
665161,2025,8
502054,2025,-2
593871,2025,-4
595777,2025,-6
672761,2025,2
678882,2025,21
671218,2025,-9
608070,2025,7
650859,2025,-4
668804,2025,-2
663586,2025,-1
690022,2025,2
673357,2025,7
677587,2025,-4
677594,2025,11
668942,2025,-7
500743,2025,6
695336,2025,0
691594,2025,0
467793,2025,8
694384,2025,-2
669477,2025,-4
682177,2025,8
680474,2025,8
687363,2025,17
608369,2025,4
543760,2025,7
807713,2025,-1
802415,2025,-5
701358,2025,1
669701,2025,-5
691016,2025,0
624641,2025,5
672820,2025,-3
665742,2025,-12
668715,2025,4
596115,2025,-9
681082,2025,8
669065,2025,-3
664702,2025,11
553993,2025,-6
621020,2025,4
700242,2025,-6
660821,2025,-1
665487,2025,8
643565,2025,0
694374,2025,1
572191,2025,3
621438,2025,3
642133,2025,-4
677950,2025,0
669911,2025,-10
679529,2025,-2
647351,2025,-4
650402,2025,-5
678662,2025,3
669707,2025,6
663656,2025,-2
668930,2025,-1
607208,2025,17
649966,2025,-6
602104,2025,5
678246,2025,-6
662139,2025,9
683734,2025,2
668901,2025,-7
683011,2025,-6
676572,2025,-2
572233,2025,2
691023,2025,-4
670242,2025,-4
670764,2025,1
621493,2025,0
676059,2025,3
810938,2025,0
805779,2025,-3
691026,2025,21
677951,2025,24
695578,2025,-7
573262,2025,-3
702284,2025,-8
696285,2025,14
